pdb_00001sm1	5	0.802	0.160	1.201	M111110	1.0.U.2335.	1.0.G.2336.	1.0.A.2337.	1.0.C.2338.	1.0.A.2339.	-	U	G	A	C	A	-	M000000	1	1	1	1	0	SM	SM	SM	SM	NA	HC	HC	HC	HC	HC	NA	U,G,A,C,A,C	6	anti,~C3'-endo	anti,~C3'-endo	anti,~C3'-endo	anti,~C3'-endo	anti,~C3'-endo	NA,NA	-	-	basepair,stack	-,-	-,-	basepair,-	-,stack	-,-	1	RF02541	NR_all_88987.9	6	41	6-1-1-1-1-0	-,RF00001,RF00007,RF00059,RF02541,RF02542	-,NR_all_02975.1,NR_all_06181.2,NR_all_06650.38,NR_all_08417.2,NR_all_12763.29,NR_all_21280.34,NR_all_25376.1,NR_all_26150.3,NR_all_27244.1,NR_all_27756.1,NR_all_33107.1,NR_all_35677.3,NR_all_41466.1,NR_all_41610.21,NR_all_42241.3,NR_all_46995.44,NR_all_51220.1,NR_all_55817.1,NR_all_56726.132,NR_all_56778.1,NR_all_63276.1,NR_all_65061.35,NR_all_65235.1,NR_all_65795.80,NR_all_66212.3,NR_all_66484.2,NR_all_72592.1,NR_all_74849.1,NR_all_76090.9,NR_all_83717.145,NR_all_86452.1,NR_all_88987.9,NR_all_90506.74,NR_all_90633.23,NR_all_91559.1,NR_all_94066.10,NR_all_94178.1,NR_all_94604.1,NR_all_97519.74,NR_all_98632.6	https://rna.bgsu.edu/rna3dhub/display3D/unitid/1SM1|1|0|U|2335,1SM1|1|0|G|2336,1SM1|1|0|A|2337,1SM1|1|0|C|2338,1SM1|1|0|A|2339
pdb_00001yjn	6	0.591	0.098	0.911	M111111	1.0.C.1793.	1.0.G.1794.	1.0.G.1795.	1.0.A.1796.	1.0.A.1797.	1.0.G.1799.	C	G	G	A	A	G	M000000	1	1	1	1	2	LC	SM	SM	SM	LC	S	HC	HC	HC	HC	S	G,G,A,A,C	5	anti,~C3'-endo	anti,~C3'-endo	anti,~C3'-endo	anti,~C3'-endo	anti,~C3'-endo	anti,~C3'-endo	G-A,tSH	C-G,cWW	-,-	-,-	-,-	-,-	-,-	-,-	1	RF02541	NR_all_26150.3	4	74	5-1-1-1-1-2	-,RF00030,RF02541,RF02542	-,NR_all_00138.2,NR_all_03510.64,NR_all_06650.38,NR_all_07053.1,NR_all_08591.1,NR_all_09979.1,NR_all_11741.1,NR_all_12772.1,NR_all_13728.1,NR_all_15716.2,NR_all_20129.1,NR_all_21280.34,NR_all_22526.6,NR_all_23368.1,NR_all_24203.1,NR_all_25291.1,NR_all_25467.1,NR_all_26150.3,NR_all_26483.1,NR_all_27894.5,NR_all_28611.1,NR_all_29761.3,NR_all_31828.1,NR_all_35456.1,NR_all_38178.1,NR_all_39415.1,NR_all_39468.1,NR_all_40894.1,NR_all_41145.1,NR_all_42177.1,NR_all_42556.1,NR_all_45231.2,NR_all_45441.2,NR_all_45705.1,NR_all_46927.1,NR_all_46995.44,NR_all_49738.1,NR_all_51168.1,NR_all_53844.1,NR_all_54953.1,NR_all_56726.132,NR_all_56778.1,NR_all_57789.1,NR_all_59978.1,NR_all_61825.2,NR_all_62810.1,NR_all_63356.1,NR_all_64006.2,NR_all_65061.35,NR_all_66212.3,NR_all_67642.1,NR_all_71228.8,NR_all_71883.1,NR_all_72196.1,NR_all_73924.2,NR_all_75645.1,NR_all_77912.1,NR_all_77936.1,NR_all_78541.1,NR_all_84251.1,NR_all_88987.9,NR_all_90506.74,NR_all_90633.23,NR_all_93470.1,NR_all_93493.6,NR_all_94750.1,NR_all_95195.1,NR_all_95755.3,NR_all_96091.1,NR_all_96955.1,NR_all_97060.1,NR_all_99289.1,NR_all_99699.1	https://rna.bgsu.edu/rna3dhub/display3D/unitid/1YJN|1|0|C|1793,1YJN|1|0|G|1794,1YJN|1|0|G|1795,1YJN|1|0|A|1796,1YJN|1|0|A|1797,1YJN|1|0|G|1799
pdb_00002d3o	6	1.178	0.196	1.381	M111111	1.0.G.1184.	1.0.C.1185.	1.0.G.1186.	1.0.A.1187.	1.0.A.1188.	1.0.G.1189.	G	C	G	A	A	G	M000000	1	1	1	1	1	LC	SM	SM	SM	SM	S	HC	HC	HC	HC	HC	C,G,A,A,G	5	anti,~C3'-endo	anti,~C3'-endo	anti,~C3'-endo	anti,~C3'-endo	anti,~C3'-endo	anti,~C3'-endo	C-A,tWH	-	basepair,-	-,-	-,-	-,-	-,-	-,stack	0	RF02541	NR_all_88987.9	3	5	5-1-1-1-1-1	-,RF02541,RF02542	NR_all_13524.1,NR_all_66212.3,NR_all_70599.1,NR_all_88987.9,NR_all_90506.74	https://rna.bgsu.edu/rna3dhub/display3D/unitid/2D3O|1|0|G|1184,2D3O|1|0|C|1185,2D3O|1|0|G|1186,2D3O|1|0|A|1187,2D3O|1|0|A|1188,2D3O|1|0|G|1189
pdb_00003g71	4	0.709	0.177	0.981	M011110	-	1.0.C.1469.	1.0.A.1470.	1.0.A.1471.	1.0.C.1472.	-	-	C	A	A	C	-	M000000	0	1	1	1	0	NA	SM	SM	SM	NA	NA	HC	HC	HC	HC	NA	C,A,A,C,U	5	NA,NA	anti,~C3'-endo	anti,~C3'-endo	anti,~C3'-endo	anti,~C3'-endo	NA,NA	C-C,tWH	-	-,-	-,stack	basepair,-	-,-	-,stack	-,-	0	RF02541	NR_all_26150.3	11	27	5-0-1-1-1-0	-,RF00001,RF00004,RF00005,RF00010,RF00028,RF00029,RF00458,RF00504,RF02541,RF02542	NR_all_00184.1,NR_all_09398.1,NR_all_11665.1,NR_all_15727.1,NR_all_20585.3,NR_all_26074.1,NR_all_26150.3,NR_all_32696.1,NR_all_38606.3,NR_all_38945.1,NR_all_39625.1,NR_all_40313.5,NR_all_43894.1,NR_all_44609.1,NR_all_55002.1,NR_all_62810.1,NR_all_65061.35,NR_all_69141.4,NR_all_73426.10,NR_all_83717.145,NR_all_84648.1,NR_all_90506.74,NR_all_91235.1,NR_all_93493.6,NR_all_94544.1,NR_all_95657.1,NR_all_99149.1	https://rna.bgsu.edu/rna3dhub/display3D/unitid/3G71|1|0|C|1469,3G71|1|0|A|1470,3G71|1|0|A|1471,3G71|1|0|C|1472
pdb_00004v4z	5	1.202	0.240	1.610	M111110	1.BA.C.955.	1.BA.G.956.	1.BA.A.957.	1.BA.A.959.	1.BA.A.960.	-	C	G	A	A	A	-	M000000	1	1	2	1	0	LC	SM	SM	SM	NA	S	HC	HC	HC	HC	NA	G,A,U,A,A,C	6	anti,~C3'-endo	anti,~C3'-endo	anti,~C3'-endo	anti,~C3'-endo	anti,~C3'-endo	NA,NA	-	-	basepair,-	basepair,-	-,-	basepair,-	-,stack	-,-	0	RF02541	NR_all_97519.74	1	2	6-1-1-2-1-0	RF02541	NR_all_83717.145,NR_all_97519.74	https://rna.bgsu.edu/rna3dhub/display3D/unitid/4V4Z|1|BA|C|955,4V4Z|1|BA|G|956,4V4Z|1|BA|A|957,4V4Z|1|BA|A|959,4V4Z|1|BA|A|960
pdb_00004v5a	4	0.955	0.239	1.212	M011110	-	1.BA.G.713.	1.BA.A.716.	1.BA.G.717.	1.BA.A.718.	-	-	G	A	G	A	-	M000000	0	3	1	1	0	NA	SM	SM	SM	NA	NA	HC	HC	HC	HC	NA	G,U,G,A,G,A	6	NA,NA	anti,~C3'-endo	anti,~C3'-endo	anti,~C3'-endo	anti,~C3'-endo	NA,NA	G-A,tSH	-	-,-	-,stack	-,stack	-,-	-,stack	-,-	0	RF02541	NR_all_97519.74	1	1	6-0-3-1-1-0	RF02541	NR_all_97519.74	https://rna.bgsu.edu/rna3dhub/display3D/unitid/4V5A|1|BA|G|713,4V5A|1|BA|A|716,4V5A|1|BA|G|717,4V5A|1|BA|A|718
pdb_00004v5h	6	0.730	0.122	0.937	M111111	1.AA.U.1165.	1.AA.G.1166.	1.AA.A.1167.	1.AA.A.1169.	1.AA.A.1170.	1.AA.A.1171.	U	G	A	A	A	A	M000000	1	1	2	1	1	LC	SM	SM	SM	LC	S	HC	HC	HC	HC	S	G,A,U,A,A	5	anti,~C3'-endo	anti,~C3'-endo	anti,~C3'-endo	anti,~C3'-endo	anti,~C3'-endo	anti,~C3'-endo	G-A,tSH	U-A,cWW	-,-	-,-	basepair,-	-,-	basepair,-	-,-	1	RF02542	NR_all_56726.132	6	100	5-1-1-2-1-1	-,RF00001,RF00026,RF02541,RF02542,RF02543	-,NR_all_00138.2,NR_all_01178.1,NR_all_02975.1,NR_all_03110.1,NR_all_03120.1,NR_all_03510.64,NR_all_03898.1,NR_all_04124.1,NR_all_06042.1,NR_all_06181.2,NR_all_06650.38,NR_all_07053.1,NR_all_08125.1,NR_all_08417.2,NR_all_08470.1,NR_all_08591.1,NR_all_13524.1,NR_all_13728.1,NR_all_20305.5,NR_all_21280.34,NR_all_22526.6,NR_all_23368.1,NR_all_23790.1,NR_all_24203.1,NR_all_25467.1,NR_all_26483.1,NR_all_26765.1,NR_all_27894.5,NR_all_29761.3,NR_all_31828.1,NR_all_32787.1,NR_all_35677.3,NR_all_38178.1,NR_all_39415.1,NR_all_40313.5,NR_all_40894.1,NR_all_41466.1,NR_all_41610.21,NR_all_42556.1,NR_all_43481.4,NR_all_43894.1,NR_all_44357.1,NR_all_44554.1,NR_all_45231.2,NR_all_45441.2,NR_all_46995.44,NR_all_48328.1,NR_all_48721.1,NR_all_49738.1,NR_all_50512.1,NR_all_51105.1,NR_all_51168.1,NR_all_52591.1,NR_all_53844.1,NR_all_54580.1,NR_all_54953.1,NR_all_56644.1,NR_all_56726.132,NR_all_56778.1,NR_all_57789.1,NR_all_60433.1,NR_all_61505.1,NR_all_61825.2,NR_all_63276.1,NR_all_65061.35,NR_all_65669.2,NR_all_65795.80,NR_all_66687.6,NR_all_69769.1,NR_all_71228.8,NR_all_71883.1,NR_all_73924.2,NR_all_74023.13,NR_all_76090.9,NR_all_77936.1,NR_all_78541.1,NR_all_79284.1,NR_all_80911.1,NR_all_83717.145,NR_all_88364.1,NR_all_88664.1,NR_all_88987.9,NR_all_90506.74,NR_all_90633.23,NR_all_93470.1,NR_all_93493.6,NR_all_94066.10,NR_all_94178.1,NR_all_94544.1,NR_all_95657.1,NR_all_95755.3,NR_all_96091.1,NR_all_96169.3,NR_all_96354.4,NR_all_97519.74,NR_all_97539.6,NR_all_98632.6,NR_all_99289.1,NR_all_99699.1	https://rna.bgsu.edu/rna3dhub/display3D/unitid/4V5H|1|AA|U|1165,4V5H|1|AA|G|1166,4V5H|1|AA|A|1167,4V5H|1|AA|A|1169,4V5H|1|AA|A|1170,4V5H|1|AA|A|1171
pdb_00004v9m	6	0.532	0.089	0.745	M111111	1.CA.U.296.	1.CA.G.297.	1.CA.A.298.	1.CA.G.299.	1.CA.A.300.	1.CA.G.301.	U	G	A	G	A	G	M000000	1	1	1	1	1	SM	SM	SM	SM	SM	HC	HC	HC	HC	HC	HC	U,G,A,G,A,G	6	anti,~C3'-endo	anti,~C3'-endo	anti,~C3'-endo	anti,~C3'-endo	anti,~C3'-endo	anti,~C3'-endo	G-A,tSH	U-G,cWW	-,stack	-,-	basepair,stack	basepair,-	basepair,-	-,stack	1	RF02542	NR_all_65795.80	10	84	6-1-1-1-1-1	-,RF00001,RF00005,RF00028,RF00029,RF00169,RF01344,RF01854,RF02541,RF02542	NR_all_00138.2,NR_all_00184.1,NR_all_01186.2,NR_all_03510.64,NR_all_06563.1,NR_all_06650.38,NR_all_06977.1,NR_all_09738.5,NR_all_12763.29,NR_all_13728.1,NR_all_15780.1,NR_all_18107.1,NR_all_18787.1,NR_all_18903.1,NR_all_20260.2,NR_all_20305.5,NR_all_20710.1,NR_all_21280.34,NR_all_27096.1,NR_all_27894.5,NR_all_29761.3,NR_all_32787.1,NR_all_35456.1,NR_all_35677.3,NR_all_38966.4,NR_all_39508.1,NR_all_39845.1,NR_all_40313.5,NR_all_40870.1,NR_all_41092.1,NR_all_41466.1,NR_all_41610.21,NR_all_42556.1,NR_all_42622.74,NR_all_44554.1,NR_all_45128.1,NR_all_45441.2,NR_all_46995.44,NR_all_49428.1,NR_all_50138.2,NR_all_50314.5,NR_all_50512.1,NR_all_54333.1,NR_all_54580.1,NR_all_56726.132,NR_all_56778.1,NR_all_57789.1,NR_all_59155.1,NR_all_60443.4,NR_all_61825.2,NR_all_63356.1,NR_all_65061.35,NR_all_65669.2,NR_all_65795.80,NR_all_66212.3,NR_all_69141.4,NR_all_70280.1,NR_all_71100.1,NR_all_73142.1,NR_all_73216.6,NR_all_73924.2,NR_all_74023.13,NR_all_75645.1,NR_all_77912.1,NR_all_77936.1,NR_all_79353.1,NR_all_80027.1,NR_all_80911.1,NR_all_83717.145,NR_all_88285.1,NR_all_88887.1,NR_all_88987.9,NR_all_90506.74,NR_all_93493.6,NR_all_94066.10,NR_all_95195.1,NR_all_95755.3,NR_all_96091.1,NR_all_96169.3,NR_all_96336.1,NR_all_96354.4,NR_all_97519.74,NR_all_97992.1,NR_all_98268.1	https://rna.bgsu.edu/rna3dhub/display3D/unitid/4V9M|1|CA|U|296,4V9M|1|CA|G|297,4V9M|1|CA|A|298,4V9M|1|CA|G|299,4V9M|1|CA|A|300,4V9M|1|CA|G|301
pdb_00004xej	5	1.227	0.245	1.668	M011111	-	1.A23S.G.1093.	1.A23S.A.1096.	1.A23S.U.1097.	1.A23S.A.1098.	1.A23S.G.1099.	-	G	A	U	A	G	M000000	0	3	1	1	1	NA	SM	SM	SM	LC	NA	HC	HC	HC	HC	S	G,U,A,A,U,A	6	NA,NA	anti,~C3'-endo	anti,~C3'-endo	anti,~C3'-endo	anti,~C3'-endo	anti,~C3'-endo	G-A,tSH	-	-,-	-,stack	basepair,stack	-,-	-,-	basepair,-	0	RF02541	NR_all_97519.74	2	2	6-0-3-1-1-1	-,RF02541	NR_all_03510.64,NR_all_97519.74	https://rna.bgsu.edu/rna3dhub/display3D/unitid/4XEJ|1|A23S|G|1093,4XEJ|1|A23S|A|1096,4XEJ|1|A23S|U|1097,4XEJ|1|A23S|A|1098,4XEJ|1|A23S|G|1099
pdb_00004zt9	6	1.492	0.249	2.787	M111111	1.B.U.31.	1.B.G.33.	1.B.A.34.	1.B.A.35.	1.B.A.36.	1.B.U.37.	U	G	A	A	A	U	M001000	2	1	1	1	1	LC	SM	SM	SM	SM	S	HC	HC	HC	HC	HC	A,G,A,A,A,U	6	anti,~C3'-endo	anti,~C3'-endo	anti,~C3'-endo	anti,~C3'-endo	anti,~C3'-endo	anti,~C3'-endo	G-A,tSH	-	basepair,-	-,stack	-,-	-,-	-,-	basepair,-	1	-	NR_all_54333.1	1	1	6-2-1-1-1-1	-	NR_all_54333.1	https://rna.bgsu.edu/rna3dhub/display3D/unitid/4ZT9|1|B|U|31,4ZT9|1|B|G|33,4ZT9|1|B|A|34,4ZT9|1|B|A|35,4ZT9|1|B|A|36,4ZT9|1|B|U|37
pdb_00005ady	6	1.447	0.241	2.406	M111111	1.B.G.954.	1.B.G.956.	1.B.C.957.	1.B.A.959.	1.B.A.960.	1.B.G.962.	G	G	C	A	A	G	M000000	2	1	2	1	2	LC	SM	SM	SM	LC	S	HC	HC	HC	HC	S	G,C,U,A,A,C	6	anti,~C3'-endo	anti,~C3'-endo	anti,~C2'-endo	anti,~C3'-endo	anti,~C3'-endo	anti,~C3'-endo	G-A,tSH	-	basepair,-	-,stack	basepair,-	basepair,-	basepair,-	basepair,-	0	RF02541	NR_all_83717.145	1	1	6-2-1-2-1-2	RF02541	NR_all_83717.145	https://rna.bgsu.edu/rna3dhub/display3D/unitid/5ADY|1|B|G|954,5ADY|1|B|G|956,5ADY|1|B|C|957,5ADY|1|B|A|959,5ADY|1|B|A|960,5ADY|1|B|G|962
pdb_00005hcq	4	0.988	0.247	1.117	M011110	-	1.1A.G.1765.	1.1A.A.1766.	1.1A.G.1768.	1.1A.A.1769.	-	-	G	A	G	A	-	M000000	0	1	2	1	0	NA	SM	SM	SM	NA	NA	HC	HC	HC	HC	NA	G,A,U,G,A	5	NA,NA	anti,~C3'-endo	anti,~C2'-endo	anti,~C3'-endo	anti,~C3'-endo	NA,NA	G-A,tSH	-	-,-	-,stack	-,-	-,-	-,stack	-,-	1	RF02541	NR_all_97519.74	1	1	5-0-1-2-1-0	RF02541	NR_all_97519.74	https://rna.bgsu.edu/rna3dhub/display3D/unitid/5HCQ|1|1A|G|1765,5HCQ|1|1A|A|1766,5HCQ|1|1A|G|1768,5HCQ|1|1A|A|1769
pdb_00005myj	5	1.115	0.223	1.671	M111110	1.BA.U.644.	1.BA.G.645.	1.BA.A.646.	1.BA.G.648.	1.BA.A.649.	-	U	G	A	G	A	-	M000000	1	1	2	1	0	LC	SM	SM	SM	NA	S	HC	HC	HC	HC	NA	G,A,A,G,A	5	anti,~C3'-endo	anti,~C3'-endo	anti,~C2'-endo	anti,~C3'-endo	anti,~C3'-endo	NA,NA	G-A,tSH	-	basepair,-	-,-	-,-	-,-	-,stack	-,-	1	RF02541	NR_all_59982.1	3	4	5-1-1-2-1-0	-,RF02541,RF02542	NR_all_59982.1,NR_all_65795.80,NR_all_97519.74,NR_all_98268.1	https://rna.bgsu.edu/rna3dhub/display3D/unitid/5MYJ|1|BA|U|644,5MYJ|1|BA|G|645,5MYJ|1|BA|A|646,5MYJ|1|BA|G|648,5MYJ|1|BA|A|649
pdb_00006lnb	6	0.830	0.138	1.157	M111111	1.M.C.50.	1.M.G.51.	1.M.A.52.	1.M.G.53.	1.M.A.55.	1.M.G.56.	C	G	A	G	A	G	M000000	1	1	1	2	1	LC	SM	SM	SM	LC	S	HC	HC	HC	HC	S	G,A,G,U,A	5	anti,~C3'-endo	anti,~C3'-endo	anti,~C3'-endo	anti,~C2'-endo	anti,~C3'-endo	anti,~C3'-endo	G-A,tSH	C-G,cWW	-,-	-,-	-,-	-,-	-,-	-,-	0	-	NR_all_11167.1	8	66	5-1-1-1-2-1	-,RF00026,RF00168,RF00174,RF00504,RF00619,RF02541,RF02542	-,NR_all_01315.2,NR_all_03110.1,NR_all_03275.1,NR_all_03898.1,NR_all_06181.2,NR_all_06402.1,NR_all_08356.2,NR_all_10362.1,NR_all_11167.1,NR_all_11665.1,NR_all_15780.1,NR_all_16806.1,NR_all_17578.3,NR_all_18592.1,NR_all_19772.1,NR_all_20305.5,NR_all_22385.1,NR_all_23423.1,NR_all_23975.1,NR_all_26150.3,NR_all_27497.1,NR_all_27764.1,NR_all_29848.1,NR_all_31133.1,NR_all_32893.1,NR_all_34349.1,NR_all_35677.3,NR_all_41610.21,NR_all_42177.1,NR_all_44609.1,NR_all_45128.1,NR_all_51220.1,NR_all_53161.1,NR_all_55002.1,NR_all_56135.1,NR_all_57146.1,NR_all_57834.5,NR_all_59982.1,NR_all_61825.2,NR_all_62810.1,NR_all_63276.1,NR_all_65600.1,NR_all_66424.1,NR_all_70662.1,NR_all_73426.10,NR_all_73655.1,NR_all_76090.9,NR_all_77647.2,NR_all_78541.1,NR_all_80911.1,NR_all_83717.145,NR_all_84448.1,NR_all_85482.5,NR_all_86308.1,NR_all_88987.9,NR_all_90506.74,NR_all_90633.23,NR_all_90946.1,NR_all_94066.10,NR_all_94467.7,NR_all_94544.1,NR_all_94750.1,NR_all_96169.3,NR_all_97519.74,NR_all_98632.6	https://rna.bgsu.edu/rna3dhub/display3D/unitid/6LNB|1|M|C|50,6LNB|1|M|G|51,6LNB|1|M|A|52,6LNB|1|M|G|53,6LNB|1|M|A|55,6LNB|1|M|G|56
pdb_00006q97	6	1.194	0.199	1.936	M111111	1.1.C.487.	1.1.G.488.	1.1.G.489.	1.1.G.491.	1.1.A.492.	1.1.G.493.	C	G	G	G	A	G	M000000	1	1	2	1	1	LC	SM	SM	SM	SM	S	HC	HC	HC	HC	HC	G,G,C,G,A,G	6	anti,~C3'-endo	anti,~C3'-endo	anti,~C2'-endo	anti,~C3'-endo	anti,~C3'-endo	anti,~C3'-endo	G-A,tSH	-	basepair,-	-,-	-,stack	-,-	-,-	-,stack	0	RF02541	NR_all_83717.145	1	1	6-1-1-2-1-1	RF02541	NR_all_83717.145	https://rna.bgsu.edu/rna3dhub/display3D/unitid/6Q97|1|1|C|487,6Q97|1|1|G|488,6Q97|1|1|G|489,6Q97|1|1|G|491,6Q97|1|1|A|492,6Q97|1|1|G|493
pdb_00006w6p	5	0.915	0.183	1.395	M111110	1.A.U.680.	1.A.G.681.	1.A.A.682.	1.A.A.683.	1.A.A.685.	-	U	G	A	A	A	-	M000000	1	1	1	2	0	LC	SM	SM	SM	NA	S	HC	HC	HC	HC	NA	G,A,A,U,A	5	anti,~C3'-endo	anti,~C3'-endo	anti,~C3'-endo	anti,~C3'-endo	anti,~C3'-endo	NA,NA	G-A,tSH	-	basepair,-	-,-	basepair,-	basepair,-	-,stack	-,-	1	RF02541	NR_all_98632.6	2	42	5-1-1-1-2-0	-,RF02541	-,NR_all_00138.2,NR_all_03110.1,NR_all_06181.2,NR_all_06650.38,NR_all_08125.1,NR_all_08417.2,NR_all_20305.5,NR_all_24203.1,NR_all_27894.5,NR_all_35677.3,NR_all_39468.1,NR_all_40894.1,NR_all_41466.1,NR_all_41610.21,NR_all_42177.1,NR_all_54953.1,NR_all_55002.1,NR_all_57789.1,NR_all_59978.1,NR_all_63276.1,NR_all_65061.35,NR_all_66212.3,NR_all_67642.1,NR_all_71228.8,NR_all_76090.9,NR_all_77912.1,NR_all_78541.1,NR_all_83717.145,NR_all_88664.1,NR_all_90326.1,NR_all_90506.74,NR_all_90633.23,NR_all_93493.6,NR_all_94750.1,NR_all_95195.1,NR_all_95755.3,NR_all_96169.3,NR_all_97519.74,NR_all_98632.6,NR_all_99289.1,NR_all_99699.1	https://rna.bgsu.edu/rna3dhub/display3D/unitid/6W6P|1|A|U|680,6W6P|1|A|G|681,6W6P|1|A|A|682,6W6P|1|A|A|683,6W6P|1|A|A|685
pdb_00006xiq	5	1.075	0.215	1.289	M111110	1.1.U.1125.	1.1.G.1127.	1.1.U.1128.	1.1.A.1129.	1.1.A.1130.	-	U	G	U	A	A	-	M000000	2	1	1	1	0	LC	SM	SM	SM	NA	S	HC	HC	HC	HC	NA	G,U,A,A,G	5	anti,~C3'-endo	anti,~C3'-endo	anti,~C3'-endo	anti,~C3'-endo	anti,~C3'-endo	NA,NA	G-A,tSH	-	basepair,stack	-,-	-,stack	basepair,-	-,stack	-,-	1	RF02541	NR_all_90506.74	1	1	5-2-1-1-1-0	RF02541	NR_all_90506.74	https://rna.bgsu.edu/rna3dhub/display3D/unitid/6XIQ|1|1|U|1125,6XIQ|1|1|G|1127,6XIQ|1|1|U|1128,6XIQ|1|1|A|1129,6XIQ|1|1|A|1130
pdb_00006ywy	6	0.680	0.113	1.225	M111111	1.A.C.2037.	1.A.G.2038.	1.A.U.2040.	1.A.A.2041.	1.A.A.2042.	1.A.G.2043.	C	G	U	A	A	G	M000000	1	2	1	1	1	LC	SM	SM	SM	LC	S	HC	HC	HC	HC	S	G,A,U,A,A	5	anti,~C3'-endo	anti,~C3'-endo	anti,~C2'-endo	anti,~C3'-endo	anti,~C3'-endo	anti,~C3'-endo	G-A,tSH	C-G,cWW	-,-	-,-	basepair,stack	basepair,-	basepair,-	-,-	0	RF02541	NR_all_72592.1	6	24	5-1-2-1-1-1	-,RF00634,RF01084,RF01852,RF02541,RF02542	-,NR_all_01186.2,NR_all_03510.64,NR_all_08470.1,NR_all_11905.1,NR_all_20392.1,NR_all_21280.34,NR_all_24279.1,NR_all_35798.2,NR_all_43481.4,NR_all_45128.1,NR_all_46995.44,NR_all_51805.1,NR_all_55002.1,NR_all_56644.1,NR_all_56726.132,NR_all_61138.1,NR_all_61825.2,NR_all_66212.3,NR_all_72592.1,NR_all_74023.13,NR_all_83717.145,NR_all_94066.10,NR_all_97519.74	https://rna.bgsu.edu/rna3dhub/display3D/unitid/6YWY|1|A|C|2037,6YWY|1|A|G|2038,6YWY|1|A|U|2040,6YWY|1|A|A|2041,6YWY|1|A|A|2042,6YWY|1|A|G|2043
pdb_00006zvk	5	1.043	0.209	1.144	M011111	-	1.K3.U.198.	1.K3.C.199.	1.K3.G.200.	1.K3.C.201.	1.K3.G.202.	-	U	C	G	C	G	M000000	0	1	1	1	1	NA	SM	SM	SM	SM	NA	HC	HC	HC	HC	HC	U,U,C,G,C,G	6	NA,NA	anti,~C3'-endo	anti,~C3'-endo	anti,~C3'-endo	anti,~C3'-endo	anti,~C3'-endo	U-C,tSH	-	-,-	-,-	-,-	-,-	-,-	basepair,stack	0	RF02542	NR_all_21280.34	3	7	6-0-1-1-1-1	-,RF02541,RF02542	NR_all_06181.2,NR_all_06650.38,NR_all_21280.34,NR_all_35677.3,NR_all_67969.2,NR_all_83717.145,NR_all_97403.1	https://rna.bgsu.edu/rna3dhub/display3D/unitid/6ZVK|1|K3|U|198,6ZVK|1|K3|C|199,6ZVK|1|K3|G|200,6ZVK|1|K3|C|201,6ZVK|1|K3|G|202
pdb_00007paq	4	0.874	0.218	1.222	M011110	-	1.3.G.992.	1.3.A.993.	1.3.A.995.	1.3.A.996.	-	-	G	A	A	A	-	M000000	0	1	2	1	0	NA	SM	SM	SM	NA	NA	HC	HC	HC	HC	NA	G,A,U,A,A,G	6	NA,NA	anti,~C3'-endo	anti,~C2'-endo	anti,~C3'-endo	anti,~C3'-endo	NA,NA	G-A,tSH	-	-,-	-,stack	basepair,-	-,-	-,stack	-,-	0	RF02541	NR_all_06181.2	1	2	6-0-1-2-1-0	RF02541	NR_all_06181.2,NR_all_20305.5	https://rna.bgsu.edu/rna3dhub/display3D/unitid/7PAQ|1|3|G|992,7PAQ|1|3|A|993,7PAQ|1|3|A|995,7PAQ|1|3|A|996
pdb_00007ph9	6	1.189	0.198	1.695	M111111	1.3.U.1746.	1.3.G.1747.	1.3.A.1750.	1.3.A.1751.	1.3.A.1752.	1.3.G.1753.	U	G	A	A	A	G	M000000	1	3	1	1	1	LC	SM	SM	SM	LC	S	HC	HC	HC	HC	S	G,U,A,A,A,A	6	anti,~C3'-endo	anti,~C3'-endo	anti,~C3'-endo	anti,~C3'-endo	anti,~C3'-endo	anti,~C3'-endo	G-A,tSH	U-G,cWW	-,-	-,-	-,stack	-,stack	-,-	-,-	0	RF02541	NR_all_06181.2	4	15	6-1-3-1-1-1	-,RF00001,RF02541,RF02542	NR_all_03510.64,NR_all_06181.2,NR_all_06650.38,NR_all_12772.1,NR_all_20305.5,NR_all_26150.3,NR_all_35677.3,NR_all_71228.8,NR_all_76090.9,NR_all_83717.145,NR_all_88987.9,NR_all_90506.74,NR_all_94178.1,NR_all_97519.74,NR_all_98632.6	https://rna.bgsu.edu/rna3dhub/display3D/unitid/7PH9|1|3|U|1746,7PH9|1|3|G|1747,7PH9|1|3|A|1750,7PH9|1|3|A|1751,7PH9|1|3|A|1752,7PH9|1|3|G|1753
pdb_00007rqc	6	0.595	0.099	0.801	M111111	1.2A.C.955.	1.2A.G.956.	1.2A.A.957.	1.2A.A.959.	1.2A.A.960.	1.2A.G.962.	C	G	A	A	A	G	M000000	1	1	2	1	2	LC	SM	SM	SM	LC	S	HC	HC	HC	HC	S	G,A,U,A,A,C	6	anti,~C3'-endo	anti,~C3'-endo	anti,~C2'-endo	anti,~C3'-endo	anti,~C3'-endo	anti,~C3'-endo	G-A,tSH	C-G,cWW	-,-	-,-	basepair,-	basepair,-	basepair,-	basepair,-	0	RF02541	NR_all_97519.74	3	26	6-1-1-2-1-2	-,RF00001,RF02541	-,NR_all_03110.1,NR_all_03898.1,NR_all_06181.2,NR_all_08125.1,NR_all_08417.2,NR_all_08470.1,NR_all_12763.29,NR_all_20305.5,NR_all_24610.3,NR_all_35677.3,NR_all_41466.1,NR_all_41610.21,NR_all_43040.2,NR_all_50188.1,NR_all_63276.1,NR_all_72592.1,NR_all_76090.9,NR_all_81338.1,NR_all_83717.145,NR_all_88664.1,NR_all_88987.9,NR_all_90633.23,NR_all_96169.3,NR_all_97519.74,NR_all_98632.6	https://rna.bgsu.edu/rna3dhub/display3D/unitid/7RQC|1|2A|C|955,7RQC|1|2A|G|956,7RQC|1|2A|A|957,7RQC|1|2A|A|959,7RQC|1|2A|A|960,7RQC|1|2A|G|962
pdb_00007rqd	4	0.611	0.153	0.896	M011110	-	1.2A.G.642.	1.2A.A.643.	1.2A.A.644.	1.2A.A.646.	-	-	G	A	A	A	-	M000000	0	1	1	2	0	NA	SM	SM	SM	NA	NA	HC	HC	HC	HC	NA	G,A,A,C,A	5	NA,NA	anti,~C3'-endo	anti,~C3'-endo	anti,~C3'-endo	anti,~C3'-endo	NA,NA	G-A,tSH	-	-,-	-,stack	basepair,stack	basepair,-	-,stack	-,-	1	RF02541	NR_all_97519.74	4	33	5-0-1-1-2-0	-,RF00001,RF00164,RF02541	NR_all_00138.2,NR_all_02975.1,NR_all_03110.1,NR_all_03898.1,NR_all_06181.2,NR_all_06650.38,NR_all_08212.1,NR_all_08417.2,NR_all_13728.1,NR_all_20305.5,NR_all_35677.3,NR_all_40894.1,NR_all_41466.1,NR_all_41610.21,NR_all_55002.1,NR_all_63276.1,NR_all_65061.35,NR_all_66212.3,NR_all_71228.8,NR_all_75645.1,NR_all_76090.9,NR_all_78541.1,NR_all_78651.1,NR_all_83717.145,NR_all_88664.1,NR_all_90506.74,NR_all_93470.1,NR_all_93493.6,NR_all_94178.1,NR_all_95755.3,NR_all_96091.1,NR_all_97519.74,NR_all_98632.6	https://rna.bgsu.edu/rna3dhub/display3D/unitid/7RQD|1|2A|G|642,7RQD|1|2A|A|643,7RQD|1|2A|A|644,7RQD|1|2A|A|646
pdb_00008rxh	5	1.035	0.207	1.338	M111110	1.L1.C.1130.	1.L1.C.1131.	1.L1.A.1132.	1.L1.A.1133.	1.L1.C.1134.	-	C	C	A	A	C	-	M000000	1	1	1	1	0	LC	SM	SM	SM	NA	S	HC	HC	HC	HC	NA	C,A,A,C,U	5	anti,~C3'-endo	anti,~C3'-endo	anti,~C3'-endo	anti,~C3'-endo	anti,~C3'-endo	NA,NA	C-C,tWH	-	basepair,-	-,-	-,-	-,-	-,stack	-,-	0	RF02541	NR_all_23368.1	4	28	5-1-1-1-1-0	-,RF00029,RF02541,RF02542	NR_all_18903.1,NR_all_20305.5,NR_all_23368.1,NR_all_26150.3,NR_all_26496.2,NR_all_27894.5,NR_all_38606.3,NR_all_39415.1,NR_all_40313.5,NR_all_41189.1,NR_all_42177.1,NR_all_44609.1,NR_all_45128.1,NR_all_49127.1,NR_all_49738.1,NR_all_50512.1,NR_all_51168.1,NR_all_55002.1,NR_all_62810.1,NR_all_65795.80,NR_all_67642.1,NR_all_79284.1,NR_all_83717.145,NR_all_84448.1,NR_all_85680.1,NR_all_88987.9,NR_all_90506.74,NR_all_98897.1	https://rna.bgsu.edu/rna3dhub/display3D/unitid/8RXH|1|L1|C|1130,8RXH|1|L1|C|1131,8RXH|1|L1|A|1132,8RXH|1|L1|A|1133,8RXH|1|L1|C|1134
pdb_00009dtr	4	0.583	0.146	0.944	M011110	-	1.5.U.137.	1.5.A.138.	1.5.A.139.	1.5.A.140.	-	-	U	A	A	A	-	M000000	0	1	1	1	0	NA	SM	SM	SM	NA	NA	HC	HC	HC	HC	NA	G,U,A,A,A,G	6	NA,NA	anti,~C3'-endo	anti,~C3'-endo	anti,~C3'-endo	anti,~C3'-endo	NA,NA	-	-	-,-	-,stack	-,-	-,-	basepair,stack	-,-	1	-	NR_all_38286.3	7	33	6-0-1-1-1-0	-,RF00004,RF00017,RF00059,RF00504,RF02541,RF02542	NR_all_03110.1,NR_all_03510.64,NR_all_06181.2,NR_all_19099.1,NR_all_26074.1,NR_all_26150.3,NR_all_27756.1,NR_all_28938.1,NR_all_34771.1,NR_all_35677.3,NR_all_36828.1,NR_all_38286.3,NR_all_41466.1,NR_all_41610.21,NR_all_42241.3,NR_all_63276.1,NR_all_65061.35,NR_all_65795.80,NR_all_71228.8,NR_all_72592.1,NR_all_76090.9,NR_all_76134.1,NR_all_83717.145,NR_all_88664.1,NR_all_88987.9,NR_all_90506.74,NR_all_90633.23,NR_all_93493.6,NR_all_96091.1,NR_all_96169.3,NR_all_97519.74,NR_all_98632.6,NR_all_99699.1	https://rna.bgsu.edu/rna3dhub/display3D/unitid/9DTR|1|5|U|137,9DTR|1|5|A|138,9DTR|1|5|A|139,9DTR|1|5|A|140
