8VTW	#1/1A:_2375 #1/1A:_2376 #1/1A:_2377 #1/1A:_2378	7D7W	#1/A:_28 #1/A:_29 #1/A:_30 #1/A:_31	0.366
8VTW	#1/1A:_2375 #1/1A:_2376 #1/1A:_2377 #1/1A:_2378	7OZQ	#1/H:_15 #1/H:_16 #1/H:_17 #1/H:_18	0.556
8VTW	#1/1A:_2375 #1/1A:_2376 #1/1A:_2377 #1/1A:_2378	4OQU	#1/A:_58 #1/A:_59 #1/A:_60 #1/A:_61	0.339
8VTW	#1/1A:_2375 #1/1A:_2376 #1/1A:_2377 #1/1A:_2378	5TPY	#1/A:_63 #1/A:_64 #1/A:_65 #1/A:_66	0.408
8VTW	#1/1A:_2375 #1/1A:_2376 #1/1A:_2377 #1/1A:_2378	6N2V	#1/A:_57 #1/A:_58 #1/A:_59 #1/A:_60	0.476
8VTW	#1/1A:_2375 #1/1A:_2376 #1/1A:_2377 #1/1A:_2378	5DDP	#1/A:_12 #1/A:_13 #1/A:_14 #1/A:_15	0.245
8VTW	#1/1A:_2375 #1/1A:_2376 #1/1A:_2377 #1/1A:_2378	8JOZ	#1/B:_47C #1/B:_47D #1/B:_47E #1/B:_47F	0.444
8VTW	#1/1A:_2375 #1/1A:_2376 #1/1A:_2377 #1/1A:_2378	1HMH	#1/E:_21L #1/E:_22L #1/E:_23L #1/E:_24L	0.370
8VTW	#1/1A:_2375 #1/1A:_2376 #1/1A:_2377 #1/1A:_2378	3MXH	#1/R:_32 #1/R:_33 #1/R:_34 #1/R:_35	0.317
8VTW	#1/1A:_2375 #1/1A:_2376 #1/1A:_2377 #1/1A:_2378	8X5V	#1/B:_34 #1/B:_35 #1/B:_36 #1/B:_37	0.351
8VTW	#1/1A:_2375 #1/1A:_2376 #1/1A:_2377 #1/1A:_2378	8ITS	#1/A:_32 #1/A:_33 #1/A:_34 #1/A:_35	0.411
8VTW	#1/1A:_2375 #1/1A:_2376 #1/1A:_2377 #1/1A:_2378	5UZ6	#1/A:_16 #1/A:_17 #1/A:_18 #1/A:_19	0.457
8VTW	#1/1A:_2375 #1/1A:_2376 #1/1A:_2377 #1/1A:_2378	5TBW	#1/1:_600 #1/1:_601 #1/1:_602 #1/1:_603	0.666
8VTW	#1/1A:_2375 #1/1A:_2376 #1/1A:_2377 #1/1A:_2378	5FJC	#1/A:_50 #1/A:_51 #1/A:_52 #1/A:_53	0.435
8VTW	#1/1A:_2375 #1/1A:_2376 #1/1A:_2377 #1/1A:_2378	4V9F	#1/0:_805 #1/0:_806 #1/0:_807 #1/0:_808	0.289
8VTW	#1/1A:_2375 #1/1A:_2376 #1/1A:_2377 #1/1A:_2378	5TPY	#1/A:_14 #1/A:_15 #1/A:_16 #1/A:_17	0.219
8VTW	#1/1A:_2375 #1/1A:_2376 #1/1A:_2377 #1/1A:_2378	1Q96	#1/A:_14 #1/A:_15 #1/A:_16 #1/A:_17	0.460
8VTW	#1/1A:_2375 #1/1A:_2376 #1/1A:_2377 #1/1A:_2378	4AOB	#1/A:_74 #1/A:_75 #1/A:_76 #1/A:_77	0.511
8VTW	#1/1A:_2375 #1/1A:_2376 #1/1A:_2377 #1/1A:_2378	1G1X	#1/D:_591 #1/D:_592 #1/D:_593 #1/D:_594	0.420
8VTW	#1/1A:_2375 #1/1A:_2376 #1/1A:_2377 #1/1A:_2378	5TBW	#1/1:_383 #1/1:_384 #1/1:_385 #1/1:_386	0.301
8VTW	#1/1A:_2375 #1/1A:_2376 #1/1A:_2377 #1/1A:_2378	5FJC	#1/A:_74 #1/A:_75 #1/A:_76 #1/A:_77	0.409
8VTW	#1/1A:_2375 #1/1A:_2376 #1/1A:_2377 #1/1A:_2378	4V9F	#1/0:_2249 #1/0:_2250 #1/0:_2251 #1/0:_2252	0.326
8VTW	#1/1A:_2375 #1/1A:_2376 #1/1A:_2377 #1/1A:_2378	5VW1	#1/C:_33 #1/C:_34 #1/C:_35 #1/C:_36	0.419
8VTW	#1/1A:_2375 #1/1A:_2376 #1/1A:_2377 #1/1A:_2378	3LQX	#1/B:_154 #1/B:_155 #1/B:_156 #1/B:_157	0.652
8VTW	#1/1A:_2375 #1/1A:_2376 #1/1A:_2377 #1/1A:_2378	7K16	#1/P:_14 #1/P:_15 #1/P:_16 #1/P:_17	0.465
8VTW	#1/1A:_2375 #1/1A:_2376 #1/1A:_2377 #1/1A:_2378	5M0I	#1/F:_13 #1/F:_14 #1/F:_15 #1/F:_16	0.445
8VTW	#1/1A:_2375 #1/1A:_2376 #1/1A:_2377 #1/1A:_2378	4K50	#1/B:_588 #1/B:_589 #1/B:_590 #1/B:_591	0.390
8VTW	#1/1A:_2375 #1/1A:_2376 #1/1A:_2377 #1/1A:_2378	5J7L	#1/AA:_380 #1/AA:_381 #1/AA:_382 #1/AA:_383	0.533
8VTW	#1/1A:_2375 #1/1A:_2376 #1/1A:_2377 #1/1A:_2378	4R4V	#1/A:_736 #1/A:_737 #1/A:_738 #1/A:_739	0.594
8VTW	#1/1A:_2375 #1/1A:_2376 #1/1A:_2377 #1/1A:_2378	4Y1M	#1/B:_25 #1/B:_26 #1/B:_27 #1/B:_28	0.418
8VTW	#1/1A:_2375 #1/1A:_2376 #1/1A:_2377 #1/1A:_2378	6TFF	#1/A:_28 #1/A:_29 #1/A:_30 #1/A:_31	0.502
8VTW	#1/1A:_2375 #1/1A:_2376 #1/1A:_2377 #1/1A:_2378	8C3A	#1/1:_383 #1/1:_384 #1/1:_385 #1/1:_386	0.265
8VTW	#1/1A:_2375 #1/1A:_2376 #1/1A:_2377 #1/1A:_2378	5B2T	#1/A:_33 #1/A:_34 #1/A:_35 #1/A:_36	0.301
8VTW	#1/1A:_2375 #1/1A:_2376 #1/1A:_2377 #1/1A:_2378	1RLG	#1/D:_10 #1/D:_11 #1/D:_12 #1/D:_13	0.403
8VTW	#1/1A:_2375 #1/1A:_2376 #1/1A:_2377 #1/1A:_2378	3IWN	#1/A:_22 #1/A:_23 #1/A:_24 #1/A:_25	0.427
8VTW	#1/1A:_2375 #1/1A:_2376 #1/1A:_2377 #1/1A:_2378	8VTW	#1/1A:_2375 #1/1A:_2376 #1/1A:_2377 #1/1A:_2378	0.000
8VTW	#1/1A:_2375 #1/1A:_2376 #1/1A:_2377 #1/1A:_2378	6N2V	#1/A:_77 #1/A:_78 #1/A:_79 #1/A:_80	0.513
8VTW	#1/1A:_2375 #1/1A:_2376 #1/1A:_2377 #1/1A:_2378	1GID	#1/B:_150 #1/B:_151 #1/B:_152 #1/B:_153	0.518
8VTW	#1/1A:_2375 #1/1A:_2376 #1/1A:_2377 #1/1A:_2378	5TBW	#1/1:_845 #1/1:_846 #1/1:_847 #1/1:_848	0.444
8VTW	#1/1A:_2375 #1/1A:_2376 #1/1A:_2377 #1/1A:_2378	8ITS	#1/A:_16 #1/A:_17 #1/A:_18 #1/A:_19	0.392
8VTW	#1/1A:_2375 #1/1A:_2376 #1/1A:_2377 #1/1A:_2378	4RUM	#1/A:_52 #1/A:_53 #1/A:_54 #1/A:_55	0.402
8VTW	#1/1A:_2375 #1/1A:_2376 #1/1A:_2377 #1/1A:_2378	6DVK	#1/H:_46 #1/H:_47 #1/H:_48 #1/H:_49	0.472
8VTW	#1/1A:_2375 #1/1A:_2376 #1/1A:_2377 #1/1A:_2378	7ELQ	#1/A:_23 #1/A:_24 #1/A:_25 #1/A:_26	0.392
8VTW	#1/1A:_2375 #1/1A:_2376 #1/1A:_2377 #1/1A:_2378	6AEG	#1/A:_73 #1/A:_74 #1/A:_75 #1/A:_76	0.285
8VTW	#1/1A:_2375 #1/1A:_2376 #1/1A:_2377 #1/1A:_2378	6JOO	#1/B:_33 #1/B:_34 #1/B:_35 #1/B:_36	0.349
8VTW	#1/1A:_2375 #1/1A:_2376 #1/1A:_2377 #1/1A:_2378	8VTW	#1/1A:_2659 #1/1A:_2660 #1/1A:_2661 #1/1A:_2662	0.568
8VTW	#1/1A:_2375 #1/1A:_2376 #1/1A:_2377 #1/1A:_2378	8C3A	#1/3:_89 #1/3:_90 #1/3:_91 #1/3:_92	0.450
8VTW	#1/1A:_2375 #1/1A:_2376 #1/1A:_2377 #1/1A:_2378	8HZE	#1/B:_20 #1/B:_21 #1/B:_22 #1/B:_23	0.407
8VTW	#1/1A:_2375 #1/1A:_2376 #1/1A:_2377 #1/1A:_2378	5J7L	#1/DA:_2659 #1/DA:_2660 #1/DA:_2661 #1/DA:_2662	0.462
8VTW	#1/1A:_2375 #1/1A:_2376 #1/1A:_2377 #1/1A:_2378	4V9F	#1/0:_253 #1/0:_254 #1/0:_255 #1/0:_256	0.967
8VTW	#1/1A:_2375 #1/1A:_2376 #1/1A:_2377 #1/1A:_2378	4ENC	#1/A:_29 #1/A:_30 #1/A:_31 #1/A:_32	0.590
8VTW	#1/1A:_2375 #1/1A:_2376 #1/1A:_2377 #1/1A:_2378	8D28	#1/B:_14 #1/B:_15 #1/B:_16 #1/B:_17	0.446
8VTW	#1/1A:_2375 #1/1A:_2376 #1/1A:_2377 #1/1A:_2378	8C3A	#1/CM:_1107 #1/CM:_1108 #1/CM:_1109 #1/CM:_1110	0.782
8VTW	#1/1A:_2375 #1/1A:_2376 #1/1A:_2377 #1/1A:_2378	3IGI	#1/A:_275 #1/A:_276 #1/A:_277 #1/A:_278	0.454
8VTW	#1/1A:_2375 #1/1A:_2376 #1/1A:_2377 #1/1A:_2378	3MOJ	#1/A:_2530 #1/A:_2531 #1/A:_2532 #1/A:_2533	0.531
8VTW	#1/1A:_2375 #1/1A:_2376 #1/1A:_2377 #1/1A:_2378	8HZL	#1/B:_50 #1/B:_51 #1/B:_52 #1/B:_53	0.431
8VTW	#1/1A:_2375 #1/1A:_2376 #1/1A:_2377 #1/1A:_2378	5X2G	#1/B:_33 #1/B:_34 #1/B:_35 #1/B:_36	0.402
8VTW	#1/1A:_2375 #1/1A:_2376 #1/1A:_2377 #1/1A:_2378	4LFB	#1/A:_380 #1/A:_381 #1/A:_382 #1/A:_383	0.577
8VTW	#1/1A:_2375 #1/1A:_2376 #1/1A:_2377 #1/1A:_2378	5TBW	#1/AS:_89 #1/AS:_90 #1/AS:_91 #1/AS:_92	0.595
8VTW	#1/1A:_2375 #1/1A:_2376 #1/1A:_2377 #1/1A:_2378	1HMH	#1/A:_21L #1/A:_22L #1/A:_23L #1/A:_24L	0.595
8VTW	#1/1A:_2375 #1/1A:_2376 #1/1A:_2377 #1/1A:_2378	3RW6	#1/H:_28 #1/H:_29 #1/H:_30 #1/H:_31	0.497
8VTW	#1/1A:_2375 #1/1A:_2376 #1/1A:_2377 #1/1A:_2378	2OIU	#1/P:_11 #1/P:_12 #1/P:_13 #1/P:_14	0.585
8VTW	#1/1A:_2375 #1/1A:_2376 #1/1A:_2377 #1/1A:_2378	1L9A	#1/B:_198 #1/B:_199 #1/B:_200 #1/B:_201	0.479
8VTW	#1/1A:_2375 #1/1A:_2376 #1/1A:_2377 #1/1A:_2378	4V9F	#1/0:_691 #1/0:_692 #1/0:_693 #1/0:_694	0.326
8VTW	#1/1A:_2375 #1/1A:_2376 #1/1A:_2377 #1/1A:_2378	3NMU	#1/E:_19 #1/E:_20 #1/E:_21 #1/E:_22	0.449
8VTW	#1/1A:_2375 #1/1A:_2376 #1/1A:_2377 #1/1A:_2378	6N2V	#1/A:_25 #1/A:_26 #1/A:_27 #1/A:_28	0.331
8VTW	#1/1A:_2375 #1/1A:_2376 #1/1A:_2377 #1/1A:_2378	2IL9	#1/A:_6119A #1/A:_6119B #1/A:_6119C #1/A:_6119D	0.594
8VTW	#1/1A:_2375 #1/1A:_2376 #1/1A:_2377 #1/1A:_2378	7ZO1	#1/A:_33 #1/A:_34 #1/A:_35 #1/A:_36	0.334
8VTW	#1/1A:_2375 #1/1A:_2376 #1/1A:_2377 #1/1A:_2378	5TBW	#1/1:_3026 #1/1:_3027 #1/1:_3028 #1/1:_3029	0.429
8VTW	#1/1A:_2375 #1/1A:_2376 #1/1A:_2377 #1/1A:_2378	6U8D	#1/A:_198 #1/A:_199 #1/A:_200 #1/A:_201	0.398
8VTW	#1/1A:_2375 #1/1A:_2376 #1/1A:_2377 #1/1A:_2378	6UFH	#1/A:_46 #1/A:_47 #1/A:_48 #1/A:_49	0.365
8VTW	#1/1A:_2375 #1/1A:_2376 #1/1A:_2377 #1/1A:_2378	4Y1M	#1/B:_56 #1/B:_57 #1/B:_58 #1/B:_59	0.414
8VTW	#1/1A:_2375 #1/1A:_2376 #1/1A:_2377 #1/1A:_2378	7U4A	#1/A:_63 #1/A:_64 #1/A:_65 #1/A:_66	0.472
8VTW	#1/1A:_2375 #1/1A:_2376 #1/1A:_2377 #1/1A:_2378	5M0I	#1/E:_13 #1/E:_14 #1/E:_15 #1/E:_16	0.395
8VTW	#1/1A:_2375 #1/1A:_2376 #1/1A:_2377 #1/1A:_2378	7ZO1	#1/A:_73 #1/A:_74 #1/A:_75 #1/A:_76	0.371
8VTW	#1/1A:_2375 #1/1A:_2376 #1/1A:_2377 #1/1A:_2378	5M0J	#1/F:_13 #1/F:_14 #1/F:_15 #1/F:_16	0.411
8VTW	#1/1A:_2375 #1/1A:_2376 #1/1A:_2377 #1/1A:_2378	2R8S	#1/R:_150 #1/R:_151 #1/R:_152 #1/R:_153	0.592
8VTW	#1/1A:_2375 #1/1A:_2376 #1/1A:_2377 #1/1A:_2378	8VTW	#1/1A:_1807 #1/1A:_1808 #1/1A:_1809 #1/1A:_1810	0.672
8VTW	#1/1A:_2375 #1/1A:_2376 #1/1A:_2377 #1/1A:_2378	3E5C	#1/A:_19 #1/A:_20 #1/A:_21 #1/A:_22	0.490
8VTW	#1/1A:_2375 #1/1A:_2376 #1/1A:_2377 #1/1A:_2378	5D5L	#1/A:_9 #1/A:_10 #1/A:_11 #1/A:_12	0.604
8VTW	#1/1A:_2375 #1/1A:_2376 #1/1A:_2377 #1/1A:_2378	4V9F	#1/0:_2696 #1/0:_2697 #1/0:_2698 #1/0:_2699	0.523
8VTW	#1/1A:_2375 #1/1A:_2376 #1/1A:_2377 #1/1A:_2378	359D	#1/B:_31L #1/B:_32L #1/B:_33L #1/B:_34L	0.697
8VTW	#1/1A:_2375 #1/1A:_2376 #1/1A:_2377 #1/1A:_2378	1U9S	#1/A:_205 #1/A:_206 #1/A:_207 #1/A:_208	0.647
8VTW	#1/1A:_2375 #1/1A:_2376 #1/1A:_2377 #1/1A:_2378	4AOB	#1/A:_50 #1/A:_51 #1/A:_52 #1/A:_53	0.573
8VTW	#1/1A:_2375 #1/1A:_2376 #1/1A:_2377 #1/1A:_2378	7QR0	#1/A:_33 #1/A:_34 #1/A:_35 #1/A:_36	0.263
8VTW	#1/1A:_2375 #1/1A:_2376 #1/1A:_2377 #1/1A:_2378	3NVI	#1/F:_10 #1/F:_11 #1/F:_12 #1/F:_13	0.516
8VTW	#1/1A:_2375 #1/1A:_2376 #1/1A:_2377 #1/1A:_2378	5F9F	#1/F:_11 #1/F:_12 #1/F:_13 #1/F:_14	0.696
8VTW	#1/1A:_2375 #1/1A:_2376 #1/1A:_2377 #1/1A:_2378	4PLX	#1/A:_25 #1/A:_26 #1/A:_27 #1/A:_28	0.457
8VTW	#1/1A:_2375 #1/1A:_2376 #1/1A:_2377 #1/1A:_2378	5B2P	#1/B:_36 #1/B:_37 #1/B:_38 #1/B:_39	0.478
8VTW	#1/1A:_2375 #1/1A:_2376 #1/1A:_2377 #1/1A:_2378	3NDB	#1/M:_209 #1/M:_210 #1/M:_211 #1/M:_212	0.412
8VTW	#1/1A:_2375 #1/1A:_2376 #1/1A:_2377 #1/1A:_2378	7MKY	#1/A:_41 #1/A:_42 #1/A:_43 #1/A:_44	0.411
8VTW	#1/1A:_2375 #1/1A:_2376 #1/1A:_2377 #1/1A:_2378	7ENI	#1/B:_35 #1/B:_36 #1/B:_37 #1/B:_38	0.452
8VTW	#1/1A:_2375 #1/1A:_2376 #1/1A:_2377 #1/1A:_2378	5VCI	#1/A:_17 #1/A:_18 #1/A:_19 #1/A:_20	0.505
8VTW	#1/1A:_2375 #1/1A:_2376 #1/1A:_2377 #1/1A:_2378	4V88	#1/A6:_1122 #1/A6:_1123 #1/A6:_1124 #1/A6:_1125	0.715
8VTW	#1/1A:_2375 #1/1A:_2376 #1/1A:_2377 #1/1A:_2378	1KXK	#1/A:_34 #1/A:_35 #1/A:_36 #1/A:_37	0.472
8VTW	#1/1A:_2375 #1/1A:_2376 #1/1A:_2377 #1/1A:_2378	5J7L	#1/DA:_630 #1/DA:_631 #1/DA:_632 #1/DA:_633	0.290
8VTW	#1/1A:_2375 #1/1A:_2376 #1/1A:_2377 #1/1A:_2378	1MZP	#1/B:_26 #1/B:_27 #1/B:_28 #1/B:_29	0.648
8VTW	#1/1A:_2375 #1/1A:_2376 #1/1A:_2377 #1/1A:_2378	5Y7M	#1/D:_25 #1/D:_26 #1/D:_27 #1/D:_28	0.481
8VTW	#1/1A:_2375 #1/1A:_2376 #1/1A:_2377 #1/1A:_2378	4NLF	#1/A:_2659 #1/A:_2660 #1/A:_2661 #1/A:_2662	0.414
8VTW	#1/1A:_2375 #1/1A:_2376 #1/1A:_2377 #1/1A:_2378	5B2T	#1/A:_73 #1/A:_74 #1/A:_75 #1/A:_76	0.445
8VTW	#1/1A:_2375 #1/1A:_2376 #1/1A:_2377 #1/1A:_2378	8C3A	#1/1:_2998 #1/1:_2999 #1/1:_3000 #1/1:_3001	0.593
8VTW	#1/1A:_2375 #1/1A:_2376 #1/1A:_2377 #1/1A:_2378	4LCK	#1/B:_72 #1/B:_73 #1/B:_74 #1/B:_75	0.617
8VTW	#1/1A:_2375 #1/1A:_2376 #1/1A:_2377 #1/1A:_2378	8G9Z	#1/E:_47D #1/E:_47E #1/E:_47F #1/E:_47G	0.874
8VTW	#1/1A:_2375 #1/1A:_2376 #1/1A:_2377 #1/1A:_2378	7R97	#1/C:_12 #1/C:_13 #1/C:_14 #1/C:_15	0.678
8VTW	#1/1A:_2375 #1/1A:_2376 #1/1A:_2377 #1/1A:_2378	3AM1	#1/B:_46 #1/B:_47 #1/B:_48 #1/B:_49	0.430
8VTW	#1/1A:_2375 #1/1A:_2376 #1/1A:_2377 #1/1A:_2378	4JF2	#1/A:_9 #1/A:_10 #1/A:_11 #1/A:_12	0.549
8VTW	#1/1A:_2375 #1/1A:_2376 #1/1A:_2377 #1/1A:_2378	5TBW	#1/1:_733 #1/1:_734 #1/1:_735 #1/1:_736	0.700
8VTW	#1/1A:_2375 #1/1A:_2376 #1/1A:_2377 #1/1A:_2378	7A0S	#1/X:_2638 #1/X:_2639 #1/X:_2640 #1/X:_2641	0.581
8VTW	#1/1A:_2375 #1/1A:_2376 #1/1A:_2377 #1/1A:_2378	7MDL	#1/E:_47D #1/E:_47E #1/E:_47F #1/E:_47G	0.776
8VTW	#1/1A:_2375 #1/1A:_2376 #1/1A:_2377 #1/1A:_2378	1UN6	#1/F:_83 #1/F:_84 #1/F:_85 #1/F:_86	0.240
8VTW	#1/1A:_2375 #1/1A:_2376 #1/1A:_2377 #1/1A:_2378	2ZZM	#1/B:_47A #1/B:_47B #1/B:_47C #1/B:_47D	0.776
8VTW	#1/1A:_2375 #1/1A:_2376 #1/1A:_2377 #1/1A:_2378	6CZR	#1/1a:_876 #1/1a:_877 #1/1a:_878 #1/1a:_879	0.704
8VTW	#1/1A:_2375 #1/1A:_2376 #1/1A:_2377 #1/1A:_2378	4LFB	#1/A:_1166 #1/A:_1167 #1/A:_1168 #1/A:_1169	0.505
8VTW	#1/1A:_2375 #1/1A:_2376 #1/1A:_2377 #1/1A:_2378	7UZ0	#1/A:_37 #1/A:_38 #1/A:_39 #1/A:_40	0.438
8VTW	#1/1A:_2375 #1/1A:_2376 #1/1A:_2377 #1/1A:_2378	1KH6	#1/A:_29 #1/A:_30 #1/A:_31 #1/A:_32	0.628
8VTW	#1/1A:_2375 #1/1A:_2376 #1/1A:_2377 #1/1A:_2378	5J7L	#1/DA:_2375 #1/DA:_2376 #1/DA:_2377 #1/DA:_2378	0.382
8VTW	#1/1A:_2375 #1/1A:_2376 #1/1A:_2377 #1/1A:_2378	5J7L	#1/AA:_159 #1/AA:_160 #1/AA:_161 #1/AA:_162	0.411
8VTW	#1/1A:_2375 #1/1A:_2376 #1/1A:_2377 #1/1A:_2378	1MFQ	#1/A:_198 #1/A:_199 #1/A:_200 #1/A:_201	0.633
8VTW	#1/1A:_2375 #1/1A:_2376 #1/1A:_2377 #1/1A:_2378	5J7L	#1/AA:_187 #1/AA:_188 #1/AA:_189 #1/AA:_190	0.621
8VTW	#1/1A:_2375 #1/1A:_2376 #1/1A:_2377 #1/1A:_2378	7A0S	#1/X:_2354 #1/X:_2355 #1/X:_2356 #1/X:_2357	0.395
8VTW	#1/1A:_2375 #1/1A:_2376 #1/1A:_2377 #1/1A:_2378	7WIE	#1/V:_32 #1/V:_33 #1/V:_34 #1/V:_35	0.630
8VTW	#1/1A:_2375 #1/1A:_2376 #1/1A:_2377 #1/1A:_2378	6JQ5	#1/A:_46 #1/A:_47 #1/A:_48 #1/A:_49	0.456
8VTW	#1/1A:_2375 #1/1A:_2376 #1/1A:_2377 #1/1A:_2378	5DCV	#1/D:_27 #1/D:_28 #1/D:_29 #1/D:_30	0.610
8VTW	#1/1A:_2375 #1/1A:_2376 #1/1A:_2377 #1/1A:_2378	4LFB	#1/A:_898 #1/A:_899 #1/A:_900 #1/A:_901	0.712
8VTW	#1/1A:_2375 #1/1A:_2376 #1/1A:_2377 #1/1A:_2378	4V9F	#1/0:_2412 #1/0:_2413 #1/0:_2414 #1/0:_2415	0.508
8VTW	#1/1A:_2375 #1/1A:_2376 #1/1A:_2377 #1/1A:_2378	7QQP	#1/A:_33 #1/A:_34 #1/A:_35 #1/A:_36	0.299
8VTW	#1/1A:_2375 #1/1A:_2376 #1/1A:_2377 #1/1A:_2378	3KTW	#1/C:_210 #1/C:_211 #1/C:_212 #1/C:_213	0.710
8VTW	#1/1A:_2375 #1/1A:_2376 #1/1A:_2377 #1/1A:_2378	8KAH	#1/I:_73 #1/I:_74 #1/I:_75 #1/I:_76	0.554
8VTW	#1/1A:_2375 #1/1A:_2376 #1/1A:_2377 #1/1A:_2378	4K27	#1/U:_27 #1/U:_28 #1/U:_29 #1/U:_30	0.473
8VTW	#1/1A:_2375 #1/1A:_2376 #1/1A:_2377 #1/1A:_2378	1U9S	#1/A:_100 #1/A:_101 #1/A:_102 #1/A:_103	0.780
8VTW	#1/1A:_2375 #1/1A:_2376 #1/1A:_2377 #1/1A:_2378	5XTM	#1/B:_25 #1/B:_26 #1/B:_27 #1/B:_28	0.444
8VTW	#1/1A:_2375 #1/1A:_2376 #1/1A:_2377 #1/1A:_2378	1U6B	#1/B:_24 #1/B:_25 #1/B:_26 #1/B:_27	0.499
8VTW	#1/1A:_2375 #1/1A:_2376 #1/1A:_2377 #1/1A:_2378	7UQ6	#1/B:_42 #1/B:_43 #1/B:_44 #1/B:_45	0.508
8VTW	#1/1A:_2375 #1/1A:_2376 #1/1A:_2377 #1/1A:_2378	3PDR	#1/X:_69 #1/X:_70 #1/X:_71 #1/X:_72	0.844
8VTW	#1/1A:_2375 #1/1A:_2376 #1/1A:_2377 #1/1A:_2378	8VTW	#1/1A:_630 #1/1A:_631 #1/1A:_632 #1/1A:_633	0.427
8VTW	#1/1A:_2375 #1/1A:_2376 #1/1A:_2377 #1/1A:_2378	7QQX	#1/A:_73 #1/A:_74 #1/A:_75 #1/A:_76	0.433
8VTW	#1/1A:_2375 #1/1A:_2376 #1/1A:_2377 #1/1A:_2378	6UFG	#1/A:_106 #1/A:_107 #1/A:_108 #1/A:_109	0.598
8VTW	#1/1A:_2375 #1/1A:_2376 #1/1A:_2377 #1/1A:_2378	4V9F	#1/9:_90 #1/9:_91 #1/9:_92 #1/9:_93	0.522
8VTW	#1/1A:_2375 #1/1A:_2376 #1/1A:_2377 #1/1A:_2378	5XTM	#1/D:_25 #1/D:_26 #1/D:_27 #1/D:_28	0.518
8VTW	#1/1A:_2375 #1/1A:_2376 #1/1A:_2377 #1/1A:_2378	4FRG	#1/B:_47 #1/B:_48 #1/B:_49 #1/B:_50	0.600
8VTW	#1/1A:_2375 #1/1A:_2376 #1/1A:_2377 #1/1A:_2378	8C3A	#1/1:_841 #1/1:_842 #1/1:_843 #1/1:_844	0.562
8VTW	#1/1A:_2375 #1/1A:_2376 #1/1A:_2377 #1/1A:_2378	3OXE	#1/A:_50 #1/A:_51 #1/A:_52 #1/A:_53	2.661
8VTW	#1/1A:_2375 #1/1A:_2376 #1/1A:_2377 #1/1A:_2378	5M0J	#1/E:_13 #1/E:_14 #1/E:_15 #1/E:_16	0.419
8VTW	#1/1A:_2375 #1/1A:_2376 #1/1A:_2377 #1/1A:_2378	6JQ5	#1/B:_46 #1/B:_47 #1/B:_48 #1/B:_49	0.552
8VTW	#1/1A:_2375 #1/1A:_2376 #1/1A:_2377 #1/1A:_2378	5F9R	#1/A:_91 #1/A:_92 #1/A:_93 #1/A:_94	0.654
8VTW	#1/1A:_2375 #1/1A:_2376 #1/1A:_2377 #1/1A:_2378	3SUX	#1/X:_66 #1/X:_67 #1/X:_68 #1/X:_69	0.593
8VTW	#1/1A:_2375 #1/1A:_2376 #1/1A:_2377 #1/1A:_2378	6JDV	#1/B:_87 #1/B:_88 #1/B:_89 #1/B:_90	0.714
8VTW	#1/1A:_2375 #1/1A:_2376 #1/1A:_2377 #1/1A:_2378	8C3A	#1/CM:_1070 #1/CM:_1071 #1/CM:_1072 #1/CM:_1073	0.641
8VTW	#1/1A:_2375 #1/1A:_2376 #1/1A:_2377 #1/1A:_2378	5J7L	#1/DA:_2857 #1/DA:_2858 #1/DA:_2859 #1/DA:_2860	0.653
8VTW	#1/1A:_2375 #1/1A:_2376 #1/1A:_2377 #1/1A:_2378	2OIU	#1/P:_60 #1/P:_61 #1/P:_62 #1/P:_63	0.534
8VTW	#1/1A:_2375 #1/1A:_2376 #1/1A:_2377 #1/1A:_2378	4LFB	#1/A:_863 #1/A:_864 #1/A:_865 #1/A:_866	0.993
8VTW	#1/1A:_2375 #1/1A:_2376 #1/1A:_2377 #1/1A:_2378	4WF9	#1/X:_2402 #1/X:_2403 #1/X:_2404 #1/X:_2405	0.440
8VTW	#1/1A:_2375 #1/1A:_2376 #1/1A:_2377 #1/1A:_2378	6CZR	#1/1a:_376 #1/1a:_377 #1/1a:_378 #1/1a:_379	0.710
8VTW	#1/1A:_2375 #1/1A:_2376 #1/1A:_2377 #1/1A:_2378	4ZT0	#1/D:_33 #1/D:_34 #1/D:_35 #1/D:_36	0.656
8VTW	#1/1A:_2375 #1/1A:_2376 #1/1A:_2377 #1/1A:_2378	3CUL	#1/C:_8 #1/C:_9 #1/C:_10 #1/C:_11	0.657
8VTW	#1/1A:_2375 #1/1A:_2376 #1/1A:_2377 #1/1A:_2378	4Y1M	#1/B:_82 #1/B:_83 #1/B:_84 #1/B:_85	0.733
8VTW	#1/1A:_2375 #1/1A:_2376 #1/1A:_2377 #1/1A:_2378	5J7L	#1/AA:_898 #1/AA:_899 #1/AA:_900 #1/AA:_901	0.755
8VTW	#1/1A:_2375 #1/1A:_2376 #1/1A:_2377 #1/1A:_2378	4PCJ	#1/A:_17 #1/A:_18 #1/A:_19 #1/A:_20	0.463
8VTW	#1/1A:_2375 #1/1A:_2376 #1/1A:_2377 #1/1A:_2378	7QQP	#1/A:_73 #1/A:_74 #1/A:_75 #1/A:_76	0.527
8VTW	#1/1A:_2375 #1/1A:_2376 #1/1A:_2377 #1/1A:_2378	6DME	#1/A:_26 #1/A:_27 #1/A:_28 #1/A:_29	0.420
8VTW	#1/1A:_2375 #1/1A:_2376 #1/1A:_2377 #1/1A:_2378	4V9F	#1/0:_1863 #1/0:_1864 #1/0:_1865 #1/0:_1866	0.654
8VTW	#1/1A:_2375 #1/1A:_2376 #1/1A:_2377 #1/1A:_2378	6CB3	#1/B:_21 #1/B:_22 #1/B:_23 #1/B:_24	1.306
8VTW	#1/1A:_2375 #1/1A:_2376 #1/1A:_2377 #1/1A:_2378	4WF9	#1/X:_2686 #1/X:_2687 #1/X:_2688 #1/X:_2689	0.450
8VTW	#1/1A:_2375 #1/1A:_2376 #1/1A:_2377 #1/1A:_2378	4QK9	#1/A:_57 #1/A:_58 #1/A:_59 #1/A:_60	0.682
8VTW	#1/1A:_2375 #1/1A:_2376 #1/1A:_2377 #1/1A:_2378	5BTM	#1/A:_27 #1/A:_28 #1/A:_29 #1/A:_30	0.421
8VTW	#1/1A:_2375 #1/1A:_2376 #1/1A:_2377 #1/1A:_2378	4OQU	#1/A:_14 #1/A:_15 #1/A:_16 #1/A:_17	0.344
8VTW	#1/1A:_2375 #1/1A:_2376 #1/1A:_2377 #1/1A:_2378	8C3A	#1/1:_2717 #1/1:_2718 #1/1:_2719 #1/1:_2720	0.430
8VTW	#1/1A:_2375 #1/1A:_2376 #1/1A:_2377 #1/1A:_2378	4V9F	#1/0:_2877 #1/0:_2878 #1/0:_2879 #1/0:_2880	0.660
8VTW	#1/1A:_2375 #1/1A:_2376 #1/1A:_2377 #1/1A:_2378	8VTW	#1/1A:_463 #1/1A:_464 #1/1A:_465 #1/1A:_466	0.676
8VTW	#1/1A:_2375 #1/1A:_2376 #1/1A:_2377 #1/1A:_2378	8C3A	#1/1:_2936 #1/1:_2937 #1/1:_2938 #1/1:_2939	0.677
8VTW	#1/1A:_2375 #1/1A:_2376 #1/1A:_2377 #1/1A:_2378	3G9C	#1/Q:_109 #1/Q:_110 #1/Q:_111 #1/Q:_112	0.644
8VTW	#1/1A:_2375 #1/1A:_2376 #1/1A:_2377 #1/1A:_2378	4V9F	#1/0:_1629 #1/0:_1630 #1/0:_1631 #1/0:_1632	0.507
8VTW	#1/1A:_2375 #1/1A:_2376 #1/1A:_2377 #1/1A:_2378	8C3A	#1/1:_706 #1/1:_707 #1/1:_708 #1/1:_709	0.325
8VTW	#1/1A:_2375 #1/1A:_2376 #1/1A:_2377 #1/1A:_2378	5J7L	#1/DA:_1807 #1/DA:_1808 #1/DA:_1809 #1/DA:_1810	10
8VTW	#1/1A:_2375 #1/1A:_2376 #1/1A:_2377 #1/1A:_2378	5U3G	#1/B:_48 #1/B:_49 #1/B:_50 #1/B:_51	0.597
8VTW	#1/1A:_2375 #1/1A:_2376 #1/1A:_2377 #1/1A:_2378	3RG5	#1/B:_47D #1/B:_47E #1/B:_47F #1/B:_47G	0.797
8VTW	#1/1A:_2375 #1/1A:_2376 #1/1A:_2377 #1/1A:_2378	3D0U	#1/A:_143 #1/A:_144 #1/A:_145 #1/A:_146	0.914
8VTW	#1/1A:_2375 #1/1A:_2376 #1/1A:_2377 #1/1A:_2378	5TBW	#1/1:_2964 #1/1:_2965 #1/1:_2966 #1/1:_2967	0.689
8VTW	#1/1A:_2375 #1/1A:_2376 #1/1A:_2377 #1/1A:_2378	4V88	#1/A6:_1085 #1/A6:_1086 #1/A6:_1087 #1/A6:_1088	0.670
8VTW	#1/1A:_2375 #1/1A:_2376 #1/1A:_2377 #1/1A:_2378	5M0H	#1/A:_22 #1/A:_23 #1/A:_24 #1/A:_25	0.545
8VTW	#1/1A:_2375 #1/1A:_2376 #1/1A:_2377 #1/1A:_2378	5FQ5	#1/A:_33 #1/A:_34 #1/A:_35 #1/A:_36	0.523
8VTW	#1/1A:_2375 #1/1A:_2376 #1/1A:_2377 #1/1A:_2378	8C3A	#1/1:_2199 #1/1:_2200 #1/1:_2201 #1/1:_2202	0.780
8VTW	#1/1A:_2375 #1/1A:_2376 #1/1A:_2377 #1/1A:_2378	7QR0	#1/A:_73 #1/A:_74 #1/A:_75 #1/A:_76	0.450
8VTW	#1/1A:_2375 #1/1A:_2376 #1/1A:_2377 #1/1A:_2378	8VTW	#1/1A:_488 #1/1A:_489 #1/1A:_491 #1/1A:_492	0.615
8VTW	#1/1A:_2375 #1/1A:_2376 #1/1A:_2377 #1/1A:_2378	7A0S	#1/X:_2832 #1/X:_2833 #1/X:_2834 #1/X:_2835	0.697
8VTW	#1/1A:_2375 #1/1A:_2376 #1/1A:_2377 #1/1A:_2378	3V7E	#1/C:_106 #1/C:_107 #1/C:_108 #1/C:_109	0.503
8VTW	#1/1A:_2375 #1/1A:_2376 #1/1A:_2377 #1/1A:_2378	6WPI	#1/B:_26 #1/B:_27 #1/B:_28 #1/B:_29	0.465
8VTW	#1/1A:_2375 #1/1A:_2376 #1/1A:_2377 #1/1A:_2378	5J7L	#1/DA:_463 #1/DA:_464 #1/DA:_465 #1/DA:_466	0.674
8VTW	#1/1A:_2375 #1/1A:_2376 #1/1A:_2377 #1/1A:_2378	7A0S	#1/X:_641 #1/X:_642 #1/X:_643 #1/X:_644	0.548
8VTW	#1/1A:_2375 #1/1A:_2376 #1/1A:_2377 #1/1A:_2378	5J7L	#1/AA:_863 #1/AA:_864 #1/AA:_865 #1/AA:_866	1.010
8VTW	#1/1A:_2375 #1/1A:_2376 #1/1A:_2377 #1/1A:_2378	6CB3	#1/B:_51 #1/B:_52 #1/B:_53 #1/B:_54	0.608
8VTW	#1/1A:_2375 #1/1A:_2376 #1/1A:_2377 #1/1A:_2378	4W90	#1/C:_83 #1/C:_84 #1/C:_85 #1/C:_86	0.537
8VTW	#1/1A:_2375 #1/1A:_2376 #1/1A:_2377 #1/1A:_2378	5DDO	#1/A:_12 #1/A:_13 #1/A:_14 #1/A:_15	0.308
8VTW	#1/1A:_2375 #1/1A:_2376 #1/1A:_2377 #1/1A:_2378	4BW0	#1/A:_10 #1/A:_11 #1/A:_12 #1/A:_13	0.656
8VTW	#1/1A:_2375 #1/1A:_2376 #1/1A:_2377 #1/1A:_2378	4WF9	#1/X:_509 #1/X:_510 #1/X:_511 #1/X:_512	0.684
8VTW	#1/1A:_2375 #1/1A:_2376 #1/1A:_2377 #1/1A:_2378	5J7L	#1/DA:_2595 #1/DA:_2596 #1/DA:_2597 #1/DA:_2598	0.685
8VTW	#1/1A:_2375 #1/1A:_2376 #1/1A:_2377 #1/1A:_2378	4LFB	#1/A:_1266 #1/A:_1267 #1/A:_1268 #1/A:_1269	0.693
8VTW	#1/1A:_2375 #1/1A:_2376 #1/1A:_2377 #1/1A:_2378	4LFB	#1/A:_159 #1/A:_160 #1/A:_161 #1/A:_162	0.433
8VTW	#1/1A:_2375 #1/1A:_2376 #1/1A:_2377 #1/1A:_2378	6CU1	#1/A:_43 #1/A:_44 #1/A:_45 #1/A:_46	0.618
8VTW	#1/1A:_2375 #1/1A:_2376 #1/1A:_2377 #1/1A:_2378	4WF9	#1/X:_675 #1/X:_676 #1/X:_677 #1/X:_678	0.400
8VTW	#1/1A:_2375 #1/1A:_2376 #1/1A:_2377 #1/1A:_2378	7A0S	#1/X:_474 #1/X:_475 #1/X:_476 #1/X:_477	0.692
8VTW	#1/1A:_2375 #1/1A:_2376 #1/1A:_2377 #1/1A:_2378	5TBW	#1/1:_708 #1/1:_709 #1/1:_710 #1/1:_711	0.401
8VTW	#1/1A:_2375 #1/1A:_2376 #1/1A:_2377 #1/1A:_2378	4WFL	#1/A:_82 #1/A:_83 #1/A:_84 #1/A:_85	0.708
8VTW	#1/1A:_2375 #1/1A:_2376 #1/1A:_2377 #1/1A:_2378	1NBS	#1/B:_205 #1/B:_206 #1/B:_207 #1/B:_208	0.633
8VTW	#1/1A:_2375 #1/1A:_2376 #1/1A:_2377 #1/1A:_2378	7A0S	#1/X:_1857 #1/X:_1858 #1/X:_1859 #1/X:_1860	0.860
8VTW	#1/1A:_2375 #1/1A:_2376 #1/1A:_2377 #1/1A:_2378	8VU0	#1/C:_34 #1/C:_35 #1/C:_36 #1/C:_37	0.641
8VTW	#1/1A:_2375 #1/1A:_2376 #1/1A:_2377 #1/1A:_2378	5TBW	#1/1:_2745 #1/1:_2746 #1/1:_2747 #1/1:_2748	0.497
8VTW	#1/1A:_2375 #1/1A:_2376 #1/1A:_2377 #1/1A:_2378	3IGI	#1/A:_90 #1/A:_91 #1/A:_92 #1/A:_93	0.676
8VTW	#1/1A:_2375 #1/1A:_2376 #1/1A:_2377 #1/1A:_2378	8C3A	#1/CM:_1489 #1/CM:_1490 #1/CM:_1491 #1/CM:_1492	1.391
8VTW	#1/1A:_2375 #1/1A:_2376 #1/1A:_2377 #1/1A:_2378	3E5C	#1/A:_42 #1/A:_43 #1/A:_44 #1/A:_45	0.669
8VTW	#1/1A:_2375 #1/1A:_2376 #1/1A:_2377 #1/1A:_2378	8VTW	#1/1A:_2857 #1/1A:_2858 #1/1A:_2859 #1/1A:_2860	0.788
8VTW	#1/1A:_2375 #1/1A:_2376 #1/1A:_2377 #1/1A:_2378	4V9F	#1/0:_469 #1/0:_470 #1/0:_471 #1/0:_472	0.685
8VTW	#1/1A:_2375 #1/1A:_2376 #1/1A:_2377 #1/1A:_2378	8VTW	#1/1A:_1865 #1/1A:_1866 #1/1A:_1876 #1/1A:_1877	0.710
8VTW	#1/1A:_2375 #1/1A:_2376 #1/1A:_2377 #1/1A:_2378	4V9F	#1/0:_1055 #1/0:_1056 #1/0:_1057 #1/0:_1058	0.562
8VTW	#1/1A:_2375 #1/1A:_2376 #1/1A:_2377 #1/1A:_2378	7MRL	#1/A:_35 #1/A:_36 #1/A:_37 #1/A:_38	1.369
8VTW	#1/1A:_2375 #1/1A:_2376 #1/1A:_2377 #1/1A:_2378	5TBW	#1/1:_358 #1/1:_359 #1/1:_360 #1/1:_361	0.733
8VTW	#1/1A:_2375 #1/1A:_2376 #1/1A:_2377 #1/1A:_2378	4WF9	#1/X:_534 #1/X:_535 #1/X:_536 #1/X:_537	0.559
8VTW	#1/1A:_2375 #1/1A:_2376 #1/1A:_2377 #1/1A:_2378	3NKB	#1/B:_50 #1/B:_51 #1/B:_52 #1/B:_53	0.349
8VTW	#1/1A:_2375 #1/1A:_2376 #1/1A:_2377 #1/1A:_2378	4V9F	#1/0:_2630 #1/0:_2631 #1/0:_2632 #1/0:_2633	0.706
8VTW	#1/1A:_2375 #1/1A:_2376 #1/1A:_2377 #1/1A:_2378	5TBW	#1/1:_2221 #1/1:_2222 #1/1:_2223 #1/1:_2224	0.832
8VTW	#1/1A:_2375 #1/1A:_2376 #1/1A:_2377 #1/1A:_2378	7A0S	#1/X:_499 #1/X:_500 #1/X:_501 #1/X:_502	0.660
8VTW	#1/1A:_2375 #1/1A:_2376 #1/1A:_2377 #1/1A:_2378	8VTW	#1/1A:_956 #1/1A:_957 #1/1A:_959 #1/1A:_960	0.630
8VTW	#1/1A:_2375 #1/1A:_2376 #1/1A:_2377 #1/1A:_2378	3NPQ	#1/A:_21 #1/A:_22 #1/A:_23 #1/A:_24	0.654
8VTW	#1/1A:_2375 #1/1A:_2376 #1/1A:_2377 #1/1A:_2378	5J7L	#1/AA:_297 #1/AA:_298 #1/AA:_299 #1/AA:_300	0.509
8VTW	#1/1A:_2375 #1/1A:_2376 #1/1A:_2377 #1/1A:_2378	7A0S	#1/Y:_89 #1/Y:_90 #1/Y:_91 #1/Y:_92	0.685
8VTW	#1/1A:_2375 #1/1A:_2376 #1/1A:_2377 #1/1A:_2378	8VTW	#1/1A:_2595 #1/1A:_2596 #1/1A:_2597 #1/1A:_2598	0.710
8VTW	#1/1A:_2375 #1/1A:_2376 #1/1A:_2377 #1/1A:_2378	6AZ4	#1/A:_21 #1/A:_22 #1/A:_23 #1/A:_24	1.317
8VTW	#1/1A:_2375 #1/1A:_2376 #1/1A:_2377 #1/1A:_2378	6UFH	#1/A:_146 #1/A:_147 #1/A:_148 #1/A:_149	0.528
8VTW	#1/1A:_2375 #1/1A:_2376 #1/1A:_2377 #1/1A:_2378	7A0S	#1/X:_967 #1/X:_968 #1/X:_970 #1/X:_971	0.700
8VTW	#1/1A:_2375 #1/1A:_2376 #1/1A:_2377 #1/1A:_2378	6CB3	#1/B:_77 #1/B:_78 #1/B:_79 #1/B:_80	0.489
8VTW	#1/1A:_2375 #1/1A:_2376 #1/1A:_2377 #1/1A:_2378	6AEG	#1/A:_33 #1/A:_34 #1/A:_35 #1/A:_36	0.410
8VTW	#1/1A:_2375 #1/1A:_2376 #1/1A:_2377 #1/1A:_2378	7A0S	#1/X:_2574 #1/X:_2575 #1/X:_2576 #1/X:_2577	0.774
8VTW	#1/1A:_2375 #1/1A:_2376 #1/1A:_2377 #1/1A:_2378	8VTW	#1/1B:_87 #1/1B:_88 #1/1B:_89 #1/1B:_90	0.662
8VTW	#1/1A:_2375 #1/1A:_2376 #1/1A:_2377 #1/1A:_2378	8C3A	#1/1:_358 #1/1:_359 #1/1:_360 #1/1:_361	0.777
8VTW	#1/1A:_2375 #1/1A:_2376 #1/1A:_2377 #1/1A:_2378	7JNH	#1/B:_44 #1/B:_45 #1/B:_46 #1/B:_47	0.446
8VTW	#1/1A:_2375 #1/1A:_2376 #1/1A:_2377 #1/1A:_2378	8C3A	#1/CM:_1282 #1/CM:_1283 #1/CM:_1284 #1/CM:_1285	0.718
8VTW	#1/1A:_2375 #1/1A:_2376 #1/1A:_2377 #1/1A:_2378	3P22	#1/A:_18 #1/A:_19 #1/A:_20 #1/A:_21	0.597
8VTW	#1/1A:_2375 #1/1A:_2376 #1/1A:_2377 #1/1A:_2378	7KKV	#1/B:_501 #1/B:_502 #1/B:_503 #1/B:_504	0.714
8VTW	#1/1A:_2375 #1/1A:_2376 #1/1A:_2377 #1/1A:_2378	4YAZ	#1/R:_26 #1/R:_27 #1/R:_28 #1/R:_29	0.701
8VTW	#1/1A:_2375 #1/1A:_2376 #1/1A:_2377 #1/1A:_2378	6YMC	#1/A:_12 #1/A:_13 #1/A:_14 #1/A:_15	0.727
8VTW	#1/1A:_2375 #1/1A:_2376 #1/1A:_2377 #1/1A:_2378	2Z75	#1/B:_114 #1/B:_115 #1/B:_116 #1/B:_117	0.693
8VTW	#1/1A:_2375 #1/1A:_2376 #1/1A:_2377 #1/1A:_2378	8VTW	#1/1A:_1223 #1/1A:_1224 #1/1A:_1225 #1/1A:_1226	0.721
8VTW	#1/1A:_2375 #1/1A:_2376 #1/1A:_2377 #1/1A:_2378	4V88	#1/A6:_1502 #1/A6:_1503 #1/A6:_1504 #1/A6:_1505	1.293
8VTW	#1/1A:_2375 #1/1A:_2376 #1/1A:_2377 #1/1A:_2378	5FQ5	#1/A:_73 #1/A:_74 #1/A:_75 #1/A:_76	0.442
8VTW	#1/1A:_2375 #1/1A:_2376 #1/1A:_2377 #1/1A:_2378	3W3S	#1/B:_47G #1/B:_47H #1/B:_47I #1/B:_47J	0.622
8VTW	#1/1A:_2375 #1/1A:_2376 #1/1A:_2377 #1/1A:_2378	4V9F	#1/0:_577 #1/0:_578 #1/0:_579 #1/0:_580	0.724
8VTW	#1/1A:_2375 #1/1A:_2376 #1/1A:_2377 #1/1A:_2378	6CZR	#1/1a:_293 #1/1a:_294 #1/1a:_295 #1/1a:_296	0.582
8VTW	#1/1A:_2375 #1/1A:_2376 #1/1A:_2377 #1/1A:_2378	4LFB	#1/A:_297 #1/A:_298 #1/A:_299 #1/A:_300	0.522
8VTW	#1/1A:_2375 #1/1A:_2376 #1/1A:_2377 #1/1A:_2378	5TBW	#1/1:_1127 #1/1:_1128 #1/1:_1129 #1/1:_1130	0.587
8VTW	#1/1A:_2375 #1/1A:_2376 #1/1A:_2377 #1/1A:_2378	4LVW	#1/A:_59 #1/A:_60 #1/A:_61 #1/A:_62	0.562
8VTW	#1/1A:_2375 #1/1A:_2376 #1/1A:_2377 #1/1A:_2378	8C3A	#1/1:_1123 #1/1:_1124 #1/1:_1125 #1/1:_1126	0.577
8VTW	#1/1A:_2375 #1/1A:_2376 #1/1A:_2377 #1/1A:_2378	4PQV	#1/A:_14 #1/A:_15 #1/A:_16 #1/A:_17	0.734
8VTW	#1/1A:_2375 #1/1A:_2376 #1/1A:_2377 #1/1A:_2378	6CZR	#1/1a:_1060 #1/1a:_1061 #1/1a:_1062 #1/1a:_1063	0.789
8VTW	#1/1A:_2375 #1/1A:_2376 #1/1A:_2377 #1/1A:_2378	4WF9	#1/X:_2877 #1/X:_2878 #1/X:_2879 #1/X:_2880	0.736
8VTW	#1/1A:_2375 #1/1A:_2376 #1/1A:_2377 #1/1A:_2378	7QQX	#1/A:_33 #1/A:_34 #1/A:_35 #1/A:_36	0.644
8VTW	#1/1A:_2375 #1/1A:_2376 #1/1A:_2377 #1/1A:_2378	4V88	#1/A6:_1297 #1/A6:_1298 #1/A6:_1299 #1/A6:_1300	0.766
8VTW	#1/1A:_2375 #1/1A:_2376 #1/1A:_2377 #1/1A:_2378	5J7L	#1/AA:_1077 #1/AA:_1078 #1/AA:_1079 #1/AA:_1080	0.757
8VTW	#1/1A:_2375 #1/1A:_2376 #1/1A:_2377 #1/1A:_2378	6UFH	#1/A:_107 #1/A:_108 #1/A:_109 #1/A:_110	0.810
8VTW	#1/1A:_2375 #1/1A:_2376 #1/1A:_2377 #1/1A:_2378	4V9F	#1/0:_1794 #1/0:_1795 #1/0:_1796 #1/0:_1797	0.446
8VTW	#1/1A:_2375 #1/1A:_2376 #1/1A:_2377 #1/1A:_2378	4LFB	#1/A:_1077 #1/A:_1078 #1/A:_1079 #1/A:_1080	0.763
8VTW	#1/1A:_2375 #1/1A:_2376 #1/1A:_2377 #1/1A:_2378	5J7L	#1/DA:_488 #1/DA:_489 #1/DA:_491 #1/DA:_492	0.695
8VTW	#1/1A:_2375 #1/1A:_2376 #1/1A:_2377 #1/1A:_2378	8C3A	#1/1:_2143 #1/1:_2144 #1/1:_2145 #1/1:_2146	0.758
8VTW	#1/1A:_2375 #1/1A:_2376 #1/1A:_2377 #1/1A:_2378	7QR8	#1/A:_33 #1/A:_34 #1/A:_35 #1/A:_36	1.144
8VTW	#1/1A:_2375 #1/1A:_2376 #1/1A:_2377 #1/1A:_2378	5J7L	#1/AA:_1266 #1/AA:_1267 #1/AA:_1268 #1/AA:_1269	0.794
8VTW	#1/1A:_2375 #1/1A:_2376 #1/1A:_2377 #1/1A:_2378	4WF9	#1/X:_1000 #1/X:_1001 #1/X:_1003 #1/X:_1004	0.688
8VTW	#1/1A:_2375 #1/1A:_2376 #1/1A:_2377 #1/1A:_2378	4WF9	#1/X:_2622 #1/X:_2623 #1/X:_2624 #1/X:_2625	0.775
8VTW	#1/1A:_2375 #1/1A:_2376 #1/1A:_2377 #1/1A:_2378	4QK9	#1/A:_15 #1/A:_16 #1/A:_17 #1/A:_18	1.260
8VTW	#1/1A:_2375 #1/1A:_2376 #1/1A:_2377 #1/1A:_2378	8C3A	#1/1:_1400 #1/1:_1401 #1/1:_1402 #1/1:_1403	0.795
8VTW	#1/1A:_2375 #1/1A:_2376 #1/1A:_2377 #1/1A:_2378	5TBW	#1/1:_1404 #1/1:_1405 #1/1:_1406 #1/1:_1407	0.739
8VTW	#1/1A:_2375 #1/1A:_2376 #1/1A:_2377 #1/1A:_2378	5TBW	#1/1:_2165 #1/1:_2166 #1/1:_2167 #1/1:_2168	0.742
8VTW	#1/1A:_2375 #1/1A:_2376 #1/1A:_2377 #1/1A:_2378	5TBW	#1/1:_1024 #1/1:_1025 #1/1:_1026 #1/1:_1027	0.466
8VTW	#1/1A:_2375 #1/1A:_2376 #1/1A:_2377 #1/1A:_2378	7KKV	#1/B:_529 #1/B:_530 #1/B:_531 #1/B:_532	0.365
8VTW	#1/1A:_2375 #1/1A:_2376 #1/1A:_2377 #1/1A:_2378	6CZR	#1/1a:_1149 #1/1a:_1150 #1/1a:_1151 #1/1a:_1152	0.616
8VTW	#1/1A:_2375 #1/1A:_2376 #1/1A:_2377 #1/1A:_2378	2BTE	#1/B:_47 #1/B:_47A #1/B:_47B #1/B:_47C	0.847
8VTW	#1/1A:_2375 #1/1A:_2376 #1/1A:_2377 #1/1A:_2378	5TBW	#1/1:_1635 #1/1:_1636 #1/1:_1637 #1/1:_1638	0.748
8VTW	#1/1A:_2375 #1/1A:_2376 #1/1A:_2377 #1/1A:_2378	6JDV	#1/B:_49 #1/B:_50 #1/B:_51 #1/B:_52	0.733
8VTW	#1/1A:_2375 #1/1A:_2376 #1/1A:_2377 #1/1A:_2378	4V9F	#1/0:_1327 #1/0:_1328 #1/0:_1329 #1/0:_1330	0.841
8VTW	#1/1A:_2375 #1/1A:_2376 #1/1A:_2377 #1/1A:_2378	4LFB	#1/A:_1013 #1/A:_1014 #1/A:_1015 #1/A:_1016	0.988
8VTW	#1/1A:_2375 #1/1A:_2376 #1/1A:_2377 #1/1A:_2378	8C3A	#1/1:_1631 #1/1:_1632 #1/1:_1633 #1/1:_1634	0.805
8VTW	#1/1A:_2375 #1/1A:_2376 #1/1A:_2377 #1/1A:_2378	4KQY	#1/A:_61 #1/A:_62 #1/A:_63 #1/A:_64	1.442
8VTW	#1/1A:_2375 #1/1A:_2376 #1/1A:_2377 #1/1A:_2378	1G1X	#1/I:_591 #1/I:_592 #1/I:_593 #1/I:_594	1.033
8VTW	#1/1A:_2375 #1/1A:_2376 #1/1A:_2377 #1/1A:_2378	5VSU	#1/I:_71 #1/I:_72 #1/I:_73 #1/I:_74	1.859
8VTW	#1/1A:_2375 #1/1A:_2376 #1/1A:_2377 #1/1A:_2378	4V88	#1/A6:_1397 #1/A6:_1398 #1/A6:_1400 #1/A6:_1401	1.391
8VTW	#1/1A:_2375 #1/1A:_2376 #1/1A:_2377 #1/1A:_2378	5J7L	#1/DA:_1869 #1/DA:_1870 #1/DA:_1871 #1/DA:_1872	1.899
