pdb_00001evv	5	0.740	0.148	1.130	M111110	1.A.OMC.32.	1.A.U.33.	1.A.OMG.34.	1.A.A.35.	1.A.A.36.	-	OMC	U	OMG	A	A	-	M001000	1	1	1	1	0	SM	SM	SM	SM	NA	HC	HC	HC	HC	HC	NA	A,OMC,U,OMG,A,A,YG,A,PSU	9	anti,~C3'-endo	anti,~C3'-endo	anti,~C3'-endo	anti,~C3'-endo	anti,~C3'-endo	NA,NA	U-A,tSH	-	basepair,stack	-,-	-,-	-,-	-,stack	-,-	1	RF00005	NR_all_83593.5	20	248	n1-n2-n3-n4-n5___	-,RF00004,RF00005,RF00007,RF00017,RF00024,RF00028,RF00029,RF00044,RF00059,RF00162,RF00177,RF00458,RF01807,RF01852,RF01854,RF02541,RF02542,RF02545,RF02546	-,NR_all_00196.1,NR_all_00580.1,NR_all_00917.1,NR_all_01147.1,NR_all_01186.2,NR_all_01551.1,NR_all_01867.1,NR_all_02173.1,NR_all_02825.1,NR_all_02975.1,NR_all_03898.1,NR_all_04000.4,NR_all_04576.2,NR_all_05887.2,NR_all_06099.1,NR_all_06650.38,NR_all_06853.1,NR_all_07497.1,NR_all_07720.1,NR_all_08470.1,NR_all_08591.1,NR_all_09297.4,NR_all_09738.5,NR_all_10909.1,NR_all_11374.1,NR_all_11689.6,NR_all_11741.1,NR_all_12733.1,NR_all_12763.29,NR_all_13358.1,NR_all_15663.1,NR_all_15672.1,NR_all_15937.1,NR_all_17351.3,NR_all_17762.1,NR_all_18471.1,NR_all_18709.1,NR_all_18903.1,NR_all_19534.1,NR_all_19931.1,NR_all_19951.88,NR_all_20129.1,NR_all_20392.1,NR_all_20585.3,NR_all_20721.10,NR_all_21280.34,NR_all_21737.1,NR_all_22108.1,NR_all_22323.3,NR_all_22678.1,NR_all_23368.1,NR_all_23520.1,NR_all_24187.1,NR_all_24203.1,NR_all_24819.4,NR_all_25376.1,NR_all_25621.1,NR_all_26150.3,NR_all_26496.2,NR_all_26765.1,NR_all_27000.1,NR_all_27096.1,NR_all_27244.1,NR_all_27756.1,NR_all_27894.5,NR_all_28207.3,NR_all_28269.1,NR_all_28920.1,NR_all_29074.1,NR_all_29909.1,NR_all_30383.1,NR_all_30612.1,NR_all_31224.1,NR_all_31301.1,NR_all_31659.2,NR_all_31699.2,NR_all_31819.5,NR_all_32990.2,NR_all_33048.1,NR_all_33107.1,NR_all_33313.1,NR_all_33922.2,NR_all_34284.1,NR_all_34771.1,NR_all_35010.2,NR_all_35479.1,NR_all_35542.141,NR_all_35677.3,NR_all_35945.1,NR_all_36843.4,NR_all_38606.3,NR_all_38945.1,NR_all_39468.1,NR_all_39793.1,NR_all_40313.5,NR_all_40314.1,NR_all_40788.1,NR_all_41189.1,NR_all_41466.1,NR_all_41610.21,NR_all_42139.1,NR_all_42177.1,NR_all_42241.3,NR_all_42813.3,NR_all_43578.1,NR_all_43617.1,NR_all_44672.1,NR_all_44690.1,NR_all_44698.1,NR_all_45128.1,NR_all_45159.1,NR_all_45251.1,NR_all_45742.1,NR_all_45930.3,NR_all_46186.1,NR_all_46995.44,NR_all_47349.1,NR_all_48721.1,NR_all_48882.1,NR_all_49127.1,NR_all_49241.1,NR_all_49738.1,NR_all_49851.1,NR_all_50138.2,NR_all_50512.1,NR_all_51071.1,NR_all_51130.1,NR_all_51196.1,NR_all_51220.1,NR_all_51503.1,NR_all_52787.1,NR_all_52922.1,NR_all_53342.2,NR_all_53745.2,NR_all_54171.1,NR_all_54186.1,NR_all_54715.1,NR_all_54761.1,NR_all_54822.1,NR_all_55002.1,NR_all_55817.1,NR_all_56101.4,NR_all_56204.1,NR_all_56633.6,NR_all_56726.132,NR_all_56778.1,NR_all_57460.4,NR_all_57792.1,NR_all_58684.1,NR_all_59099.1,NR_all_60125.5,NR_all_60443.4,NR_all_60828.6,NR_all_60852.1,NR_all_61004.1,NR_all_61171.1,NR_all_61738.1,NR_all_62149.1,NR_all_62262.1,NR_all_63276.1,NR_all_63319.1,NR_all_64096.1,NR_all_64798.1,NR_all_65061.35,NR_all_65561.1,NR_all_65635.4,NR_all_65795.80,NR_all_65818.1,NR_all_66212.3,NR_all_66484.2,NR_all_66687.6,NR_all_67193.4,NR_all_67642.1,NR_all_68467.13,NR_all_69011.1,NR_all_69379.1,NR_all_69813.13,NR_all_70335.1,NR_all_71708.1,NR_all_71771.1,NR_all_72592.1,NR_all_73216.6,NR_all_73426.10,NR_all_73428.23,NR_all_73655.1,NR_all_74018.1,NR_all_74023.13,NR_all_74849.1,NR_all_76090.9,NR_all_76789.1,NR_all_77122.1,NR_all_77343.4,NR_all_78233.4,NR_all_78635.1,NR_all_78651.1,NR_all_79129.1,NR_all_79182.1,NR_all_79242.1,NR_all_79284.1,NR_all_79353.1,NR_all_79803.1,NR_all_79985.1,NR_all_81815.1,NR_all_82540.1,NR_all_82548.1,NR_all_83098.3,NR_all_83502.1,NR_all_83593.5,NR_all_83618.1,NR_all_83717.145,NR_all_83799.1,NR_all_84448.1,NR_all_84648.1,NR_all_86266.1,NR_all_86318.1,NR_all_86452.1,NR_all_87862.1,NR_all_88088.1,NR_all_88987.9,NR_all_89906.2,NR_all_90476.1,NR_all_90506.74,NR_all_90565.1,NR_all_90633.23,NR_all_91235.1,NR_all_92004.1,NR_all_92130.1,NR_all_92345.1,NR_all_93493.6,NR_all_93855.17,NR_all_94066.10,NR_all_95556.6,NR_all_95734.1,NR_all_96267.1,NR_all_96274.2,NR_all_96834.1,NR_all_96870.2,NR_all_97519.74,NR_all_97575.1,NR_all_97621.1,NR_all_97963.1,NR_all_98434.1,NR_all_98554.1,NR_all_98632.6,NR_all_99059.1,NR_all_99134.1,NR_all_99566.1	https://rna.bgsu.edu/rna3dhub/display3D/unitid/1EVV|1|A|OMC|32,1EVV|1|A|U|33,1EVV|1|A|OMG|34,1EVV|1|A|A|35,1EVV|1|A|A|36
pdb_00001njn	5	1.161	0.232	1.862	M101111	1.0.U.509.	-	1.0.A.511.	1.0.A.512.	1.0.A.515.	1.0.A.513.	U	-	A	A	A	A	M000000	0	0	1	3	-2	NA	NA	SM	SM	SM	JCJP	NA	JCJP	JCJP	JCJP	JCJP	-	0	anti,~C3'-endo	NA,NA	anti,~C3'-endo	anti,~C3'-endo	anti,~C3'-endo	anti,~C3'-endo	-	U-A,tWH	basepair,stack	-,-	basepair,stack	-,-	-,-	-,stack	0	RF02541	NR_all_88987.9	1	1	n1____n3-n4|n5|n6	RF02541	NR_all_88987.9	https://rna.bgsu.edu/rna3dhub/display3D/unitid/1NJN|1|0|U|509,1NJN|1|0|A|511,1NJN|1|0|A|512,1NJN|1|0|A|515,1NJN|1|0|A|513
pdb_00001yjn	6	0.591	0.098	0.911	M111111	1.0.C.1793.	1.0.G.1794.	1.0.G.1795.	1.0.A.1796.	1.0.A.1797.	1.0.G.1799.	C	G	G	A	A	G	M000000	1	1	1	1	2	LC	SM	SM	SM	LC	S	HC	HC	HC	HC	S	G,G,A,A,C	5	anti,~C3'-endo	anti,~C3'-endo	anti,~C3'-endo	anti,~C3'-endo	anti,~C3'-endo	anti,~C3'-endo	G-A,tSH	C-G,cWW	-,-	-,-	-,-	-,-	-,-	-,-	1	RF02541	NR_all_26150.3	4	74	n1-n2-n3-n4-n5|n6	-,RF00030,RF02541,RF02542	NR_all_00138.2,NR_all_01178.1,NR_all_01186.2,NR_all_03510.64,NR_all_06181.2,NR_all_06563.1,NR_all_06650.38,NR_all_07053.1,NR_all_11741.1,NR_all_12772.1,NR_all_15716.2,NR_all_20129.1,NR_all_21280.34,NR_all_22526.6,NR_all_24203.1,NR_all_25291.1,NR_all_26150.3,NR_all_26483.1,NR_all_27894.5,NR_all_28611.1,NR_all_29761.3,NR_all_31828.1,NR_all_35456.1,NR_all_40313.5,NR_all_40894.1,NR_all_44554.1,NR_all_45231.2,NR_all_45441.2,NR_all_45705.1,NR_all_46927.1,NR_all_46995.44,NR_all_49738.1,NR_all_51105.1,NR_all_51168.1,NR_all_53844.1,NR_all_56726.132,NR_all_57789.1,NR_all_59978.1,NR_all_60443.4,NR_all_61825.2,NR_all_62810.1,NR_all_63356.1,NR_all_64006.2,NR_all_65061.35,NR_all_65795.80,NR_all_66212.3,NR_all_66687.6,NR_all_67193.4,NR_all_67394.1,NR_all_67642.1,NR_all_71228.8,NR_all_71883.1,NR_all_72196.1,NR_all_73655.1,NR_all_74023.13,NR_all_77912.1,NR_all_77936.1,NR_all_78541.1,NR_all_82907.1,NR_all_83717.145,NR_all_84251.1,NR_all_85225.1,NR_all_88987.9,NR_all_90326.1,NR_all_90506.74,NR_all_90633.23,NR_all_93493.6,NR_all_94066.10,NR_all_94750.1,NR_all_95657.1,NR_all_95755.3,NR_all_96091.1,NR_all_97060.1,NR_all_97519.74	https://rna.bgsu.edu/rna3dhub/display3D/unitid/1YJN|1|0|C|1793,1YJN|1|0|G|1794,1YJN|1|0|G|1795,1YJN|1|0|A|1796,1YJN|1|0|A|1797,1YJN|1|0|G|1799
pdb_00003j2d	5	0.698	0.140	1.171	M101111	1.N.C.810.	-	1.N.A.766.	1.N.A.767.	1.N.A.768.	1.N.G.769.	C	-	A	A	A	G	M000000	0	0	1	1	1	NA	NA	SM	SM	LC	S	NA	JP	JP	JP	S	-	0	anti,~C3'-endo	NA,NA	anti,~C3'-endo	anti,~C3'-endo	anti,~C3'-endo	anti,~C3'-endo	-	C-G,cWW	basepair,-	-,-	basepair,stack	-,-	-,-	basepair,-	0	RF02542	NR_all_56726.132	26	204	n1____n3-n4-n5-n6	-,RF00001,RF00002,RF00002,RF02541,RF00005,RF00011,RF00017,RF00028,RF00050,RF00061,RF00162,RF00168,RF00169,RF00177,RF00234,RF00375,RF00380,RF00390,RF00488,RF01854,RF01998,RF02541,RF02542,RF02543,RF02545,RF02546	-,NR_all_00138.2,NR_all_00184.1,NR_all_01147.1,NR_all_01178.1,NR_all_01186.2,NR_all_03510.64,NR_all_05698.1,NR_all_06181.2,NR_all_06467.1,NR_all_06563.1,NR_all_06650.38,NR_all_07053.1,NR_all_07539.1,NR_all_08125.1,NR_all_08417.2,NR_all_08470.1,NR_all_08591.1,NR_all_08692.3,NR_all_08831.2,NR_all_09297.4,NR_all_09738.5,NR_all_10157.143,NR_all_11665.1,NR_all_11709.2,NR_all_12290.1,NR_all_12406.4,NR_all_12494.1,NR_all_12601.1,NR_all_12763.29,NR_all_12772.1,NR_all_13728.1,NR_all_15716.2,NR_all_15780.1,NR_all_17351.3,NR_all_17405.9,NR_all_18471.1,NR_all_18586.69,NR_all_19951.88,NR_all_20129.1,NR_all_20305.5,NR_all_20339.1,NR_all_20951.1,NR_all_21280.34,NR_all_22479.1,NR_all_22526.6,NR_all_23520.1,NR_all_24279.1,NR_all_24549.1,NR_all_24610.3,NR_all_24655.1,NR_all_25291.1,NR_all_25303.3,NR_all_25416.1,NR_all_25467.1,NR_all_25652.1,NR_all_26150.3,NR_all_26483.1,NR_all_26758.1,NR_all_27096.1,NR_all_27244.1,NR_all_27894.5,NR_all_28611.1,NR_all_29761.3,NR_all_29848.1,NR_all_30437.1,NR_all_31798.1,NR_all_31828.1,NR_all_32787.1,NR_all_32874.1,NR_all_34771.1,NR_all_34961.4,NR_all_35054.6,NR_all_35542.141,NR_all_35677.3,NR_all_36101.3,NR_all_36141.1,NR_all_36393.1,NR_all_38178.1,NR_all_40313.5,NR_all_40894.1,NR_all_41328.1,NR_all_41466.1,NR_all_41610.21,NR_all_42139.1,NR_all_42177.1,NR_all_42467.1,NR_all_42556.1,NR_all_42622.74,NR_all_42813.3,NR_all_43481.4,NR_all_43894.1,NR_all_44554.1,NR_all_45231.2,NR_all_45441.2,NR_all_46927.1,NR_all_46995.44,NR_all_47162.1,NR_all_47203.2,NR_all_48954.1,NR_all_49161.1,NR_all_49738.1,NR_all_51168.1,NR_all_51281.1,NR_all_51645.1,NR_all_52185.1,NR_all_52752.31,NR_all_53844.1,NR_all_54508.1,NR_all_54580.1,NR_all_54588.1,NR_all_54953.1,NR_all_55002.1,NR_all_55021.1,NR_all_56633.6,NR_all_56726.132,NR_all_56778.1,NR_all_56999.3,NR_all_57268.1,NR_all_57789.1,NR_all_57792.1,NR_all_59155.1,NR_all_59982.1,NR_all_60443.4,NR_all_60625.1,NR_all_76342.1,NR_all_61171.1,NR_all_62666.1,NR_all_62810.1,NR_all_63276.1,NR_all_63319.1,NR_all_64404.2,NR_all_64462.1,NR_all_65061.35,NR_all_65669.2,NR_all_65795.80,NR_all_65818.1,NR_all_66212.3,NR_all_66484.2,NR_all_66687.6,NR_all_67193.4,NR_all_67394.1,NR_all_67629.2,NR_all_67642.1,NR_all_68433.1,NR_all_68467.13,NR_all_69141.4,NR_all_69813.13,NR_all_70001.1,NR_all_70280.1,NR_all_70719.1,NR_all_72592.1,NR_all_73655.1,NR_all_73924.2,NR_all_73958.1,NR_all_74023.13,NR_all_76090.9,NR_all_76134.1,NR_all_76251.2,NR_all_77912.1,NR_all_78233.4,NR_all_78541.1,NR_all_79308.1,NR_all_79426.1,NR_all_80027.1,NR_all_80911.1,NR_all_81247.1,NR_all_81372.1,NR_all_81815.1,NR_all_82548.1,NR_all_82907.1,NR_all_83043.1,NR_all_83641.1,NR_all_83717.145,NR_all_83770.1,NR_all_83775.1,NR_all_83891.22,NR_all_83999.1,NR_all_84448.1,NR_all_84517.1,NR_all_85143.1,NR_all_88987.9,NR_all_89906.2,NR_all_90506.74,NR_all_90633.23,NR_all_91559.1,NR_all_92130.1,NR_all_93493.6,NR_all_93855.17,NR_all_94066.10,NR_all_94544.1,NR_all_94729.10,NR_all_95195.1,NR_all_95657.1,NR_all_95755.3,NR_all_95956.3,NR_all_96091.1,NR_all_96169.3,NR_all_96354.4,NR_all_96870.2,NR_all_97519.74,NR_all_97539.6,NR_all_98268.1,NR_all_98632.6,NR_all_99059.1	https://rna.bgsu.edu/rna3dhub/display3D/unitid/3J2D|1|N|C|810,3J2D|1|N|A|766,3J2D|1|N|A|767,3J2D|1|N|A|768,3J2D|1|N|G|769
pdb_00003ja1	6	0.904	0.151	1.243	M111111	1.LA.C.1752.	1.LA.G.1753.	1.LA.A.1754.	1.LA.A.1755.	1.LA.U.1758.	1.LA.G.1756.	C	G	A	A	U	G	M000000	1	1	1	3	-2	SM	SM	SM	SM	SM	JC	JC	JC	JC	JC	JC	-	0	anti,~C3'-endo	anti,~C3'-endo	anti,~C3'-endo	anti,~C3'-endo	syn,NA	anti,~C3'-endo	-	C-G,cWW	-,-	-,-	basepair,-	basepair,-	-,-	-,stack	0	RF02541	NR_all_83717.145	6	63	n1-n2-n3-n4|n5|n6	-,RF00029,RF00050,RF02541,RF02542,RF02545	NR_all_00138.2,NR_all_00184.1,NR_all_01186.2,NR_all_03510.64,NR_all_03898.1,NR_all_06181.2,NR_all_06650.38,NR_all_07414.1,NR_all_08125.1,NR_all_08417.2,NR_all_08591.1,NR_all_09738.5,NR_all_12763.29,NR_all_15780.1,NR_all_18889.3,NR_all_20305.5,NR_all_21280.34,NR_all_23083.1,NR_all_23368.1,NR_all_24610.3,NR_all_25291.1,NR_all_26150.3,NR_all_26483.1,NR_all_26496.2,NR_all_27894.5,NR_all_35677.3,NR_all_41610.21,NR_all_42177.1,NR_all_44609.1,NR_all_46995.44,NR_all_47203.2,NR_all_48882.1,NR_all_50512.1,NR_all_51970.1,NR_all_54953.1,NR_all_55002.1,NR_all_56726.132,NR_all_62810.1,NR_all_63276.1,NR_all_65061.35,NR_all_65795.80,NR_all_66212.3,NR_all_66687.6,NR_all_67642.1,NR_all_74642.1,NR_all_75086.1,NR_all_76090.9,NR_all_77912.1,NR_all_78541.1,NR_all_78722.1,NR_all_82748.1,NR_all_83717.145,NR_all_88664.1,NR_all_88987.9,NR_all_90506.74,NR_all_90633.23,NR_all_93493.6,NR_all_94750.1,NR_all_95195.1,NR_all_95755.3,NR_all_96169.3,NR_all_97519.74,NR_all_98632.6	https://rna.bgsu.edu/rna3dhub/display3D/unitid/3JA1|1|LA|C|1752,3JA1|1|LA|G|1753,3JA1|1|LA|A|1754,3JA1|1|LA|A|1755,3JA1|1|LA|U|1758,3JA1|1|LA|G|1756
pdb_00003jap	5	0.792	0.158	1.002	M101111	1.2.C.442.	-	1.2.G.456.	1.2.G.457.	1.2.A.459.	1.2.G.460.	C	-	G	G	A	G	M000000	0	0	1	2	1	NA	NA	SM	SM	LC	S	NA	HC	HC	HC	S	-	0	anti,~C3'-endo	NA,NA	anti,~C3'-endo	anti,~C3'-endo	anti,~C3'-endo	anti,~C3'-endo	-	C-G,cWW	basepair,stack	-,-	basepair,stack	basepair,-	basepair,-	basepair,stack	0	RF02542	NR_all_45441.2	3	15	n1____n3-n4|n5-n6	-,RF02541,RF02542	NR_all_03510.64,NR_all_07053.1,NR_all_15716.2,NR_all_21280.34,NR_all_41328.1,NR_all_45231.2,NR_all_45441.2,NR_all_46995.44,NR_all_51645.1,NR_all_60443.4,NR_all_61505.1,NR_all_83717.145,NR_all_88987.9,NR_all_90633.23,NR_all_97519.74	https://rna.bgsu.edu/rna3dhub/display3D/unitid/3JAP|1|2|C|442,3JAP|1|2|G|456,3JAP|1|2|G|457,3JAP|1|2|A|459,3JAP|1|2|G|460
pdb_00004erl	3	0.384	0.128	0.485	M010110	-	1.A.G.122.	-	1.A.A.124.	1.A.A.126.	-	-	G	-	A	A	-	M000000	0	0	0	2	0	NA	NA	NA	SM	NA	NA	HC	NA	HC	HC	NA	-	0	NA,NA	anti,~C3'-endo	NA,NA	anti,~C3'-endo	anti,~C3'-endo	NA,NA	G-A,tSH	-	-,-	-,stack	-,-	basepair,stack	-,stack	-,-	1	RF00168	NR_all_22479.1	4	13	___n2____n4|n5___	-,RF00168,RF02541,RF02542	NR_all_11665.1,NR_all_20305.5,NR_all_22479.1,NR_all_35054.6,NR_all_41610.21,NR_all_56726.132,NR_all_81247.1,NR_all_83717.145,NR_all_88987.9,NR_all_90506.74,NR_all_90633.23,NR_all_93493.6,NR_all_94544.1	https://rna.bgsu.edu/rna3dhub/display3D/unitid/4ERL|1|A|G|122,4ERL|1|A|A|124,4ERL|1|A|A|126
pdb_00004v4b	6	1.085	0.181	1.888	M111111	1.AA.U.1012.	1.AA.G.1013.	1.AA.G.988.	1.AA.A.1015.	1.AA.A.1016.	1.AA.G.1017.	U	G	G	A	A	G	M000000	1	-26	28	1	1	LC	LR	LR	SM	LC	S	HC	S	HC	HC	S	-	0	anti,~C3'-endo	anti,~C3'-endo	anti,~C3'-endo	anti,~C3'-endo	anti,~C3'-endo	anti,~C3'-endo	G-A,tSH	U-G,cWW	-,-	-,-	basepair,-	-,stack	-,-	-,-	1	RF02542	NR_all_88364.1	4	27	n1-n2|n3|n4-n5-n6	-,RF00026,RF02541,RF02542	NR_all_01186.2,NR_all_06042.1,NR_all_06181.2,NR_all_08470.1,NR_all_17578.3,NR_all_20305.5,NR_all_26150.3,NR_all_27894.5,NR_all_35677.3,NR_all_41610.21,NR_all_42177.1,NR_all_43481.4,NR_all_55002.1,NR_all_56726.132,NR_all_57834.5,NR_all_65061.35,NR_all_66212.3,NR_all_66687.6,NR_all_67642.1,NR_all_76090.9,NR_all_83717.145,NR_all_88364.1,NR_all_88987.9,NR_all_90506.74,NR_all_90633.23,NR_all_97519.74,NR_all_98632.6	https://rna.bgsu.edu/rna3dhub/display3D/unitid/4V4B|1|AA|U|1012,4V4B|1|AA|G|1013,4V4B|1|AA|G|988,4V4B|1|AA|A|1015,4V4B|1|AA|A|1016,4V4B|1|AA|G|1017
pdb_00004v5h	6	0.730	0.122	0.937	M111111	1.AA.U.1165.	1.AA.G.1166.	1.AA.A.1167.	1.AA.A.1169.	1.AA.A.1170.	1.AA.A.1171.	U	G	A	A	A	A	M000000	1	1	2	1	1	LC	SM	SM	SM	LC	S	HC	HC	HC	HC	S	G,A,U,A,A	5	anti,~C3'-endo	anti,~C3'-endo	anti,~C3'-endo	anti,~C3'-endo	anti,~C3'-endo	anti,~C3'-endo	G-A,tSH	U-A,cWW	-,-	-,-	basepair,-	-,-	basepair,-	-,-	1	RF02542	NR_all_56726.132	10	125	n1-n2-n3|n4-n5-n6	-,RF00001,RF00002,RF00011,RF00026,RF00177,RF00458,RF02541,RF02542,RF02543	-,NR_all_00138.2,NR_all_00917.1,NR_all_01178.1,NR_all_02975.1,NR_all_03110.1,NR_all_03120.1,NR_all_03510.64,NR_all_03631.1,NR_all_03898.1,NR_all_04124.1,NR_all_06042.1,NR_all_06181.2,NR_all_06563.1,NR_all_06650.38,NR_all_07053.1,NR_all_08125.1,NR_all_08417.2,NR_all_08470.1,NR_all_08591.1,NR_all_11665.1,NR_all_12763.29,NR_all_13524.1,NR_all_13728.1,NR_all_13732.1,NR_all_15716.2,NR_all_19551.7,NR_all_20305.5,NR_all_20339.1,NR_all_20384.1,NR_all_21280.34,NR_all_22526.6,NR_all_23368.1,NR_all_23790.1,NR_all_24203.1,NR_all_24610.3,NR_all_25467.1,NR_all_26150.3,NR_all_26483.1,NR_all_27894.5,NR_all_28149.1,NR_all_29761.3,NR_all_31828.1,NR_all_32787.1,NR_all_35122.1,NR_all_35677.3,NR_all_39415.1,NR_all_39793.1,NR_all_40313.5,NR_all_40894.1,NR_all_41145.1,NR_all_90326.1,NR_all_41466.1,NR_all_41610.21,NR_all_42177.1,NR_all_43040.2,NR_all_43481.4,NR_all_43894.1,NR_all_44357.1,NR_all_44554.1,NR_all_44609.1,NR_all_45231.2,NR_all_45441.2,NR_all_45705.1,NR_all_46995.44,NR_all_47156.1,NR_all_48328.1,NR_all_48721.1,NR_all_49738.1,NR_all_50512.1,NR_all_51168.1,NR_all_52597.1,NR_all_53844.1,NR_all_54580.1,NR_all_54953.1,NR_all_55002.1,NR_all_56726.132,NR_all_56778.1,NR_all_57789.1,NR_all_59225.1,NR_all_59982.1,NR_all_60433.1,NR_all_61505.1,NR_all_61825.2,NR_all_65061.35,NR_all_65669.2,NR_all_65795.80,NR_all_66212.3,NR_all_66687.6,NR_all_67642.1,NR_all_69769.1,NR_all_71883.1,NR_all_72592.1,NR_all_73924.2,NR_all_74023.13,NR_all_75645.1,NR_all_76090.9,NR_all_77912.1,NR_all_77936.1,NR_all_78541.1,NR_all_79353.1,NR_all_80911.1,NR_all_81338.1,NR_all_82907.1,NR_all_83717.145,NR_all_88664.1,NR_all_88887.1,NR_all_88987.9,NR_all_90506.74,NR_all_90633.23,NR_all_93493.6,NR_all_93855.17,NR_all_94066.10,NR_all_94178.1,NR_all_94544.1,NR_all_94750.1,NR_all_95195.1,NR_all_95657.1,NR_all_95755.3,NR_all_96169.3,NR_all_96354.4,NR_all_97519.74,NR_all_97539.6,NR_all_98632.6,NR_all_99289.1,NR_all_99699.1	https://rna.bgsu.edu/rna3dhub/display3D/unitid/4V5H|1|AA|U|1165,4V5H|1|AA|G|1166,4V5H|1|AA|A|1167,4V5H|1|AA|A|1169,4V5H|1|AA|A|1170,4V5H|1|AA|A|1171
pdb_00004v6w	6	1.045	0.174	1.680	M111111	1.A5.C.1355.	1.A5.G.1356.	1.A5.A.1151.	1.A5.A.1152.	1.A5.G.1153.	1.A5.G.1331.	C	G	A	A	G	G	M000000	1	-205	1	1	178	LC	SM	SM	SM	LC	S	JC	JC	JC	JC	S	-	0	anti,~C3'-endo	anti,~C3'-endo	anti,~C3'-endo	anti,~C3'-endo	anti,~C3'-endo	anti,~C3'-endo	G-G,tSH	C-G,cWW	-,-	-,stack	basepair,stack	basepair,-	-,-	-,-	0	RF02541	NR_all_08591.1	5	32	n1-n2|n3-n4-n5|n6	-,RF00001,RF00240,RF02541,RF02542	-,NR_all_03110.1,NR_all_06181.2,NR_all_06650.38,NR_all_08470.1,NR_all_08591.1,NR_all_20206.1,NR_all_45502.1,NR_all_20305.5,NR_all_26483.1,NR_all_27117.1,NR_all_35677.3,NR_all_41610.21,NR_all_42177.1,NR_all_43040.2,NR_all_56686.2,NR_all_45705.1,NR_all_50512.1,NR_all_51168.1,NR_all_63276.1,NR_all_65061.35,NR_all_65451.1,NR_all_66286.1,NR_all_72592.1,NR_all_76090.9,NR_all_78541.1,NR_all_81338.1,NR_all_83717.145,NR_all_88987.9,NR_all_90506.74,NR_all_90633.23,NR_all_96091.1,NR_all_96169.3,NR_all_97519.74	https://rna.bgsu.edu/rna3dhub/display3D/unitid/4V6W|1|A5|C|1355,4V6W|1|A5|G|1356,4V6W|1|A5|A|1151,4V6W|1|A5|A|1152,4V6W|1|A5|G|1153,4V6W|1|A5|G|1331
pdb_00004v6z	3	0.485	0.162	0.584	M011100	-	1.AA.G.1300.	1.AA.A.1333.	1.AA.G.1334.	-	-	-	G	A	G	-	-	M000000	0	33	1	0	0	NA	SM	SM	NA	NA	NA	JC	JC	JC	NA	NA	-	0	NA,NA	anti,~C3'-endo	anti,~C3'-endo	anti,~C3'-endo	NA,NA	NA,NA	-	-	-,-	-,stack	basepair,stack	basepair,-	-,-	-,-	0	RF02542	NR_all_56726.132	5	13	___n2|n3-n4______	-,RF00001,RF00029,RF02541,RF02542	NR_all_03510.64,NR_all_06181.2,NR_all_08591.1,NR_all_20039.1,NR_all_27894.5,NR_all_32787.1,NR_all_56726.132,NR_all_56999.3,NR_all_74023.13,NR_all_83717.145,NR_all_93725.1,NR_all_94066.10,NR_all_97435.17	https://rna.bgsu.edu/rna3dhub/display3D/unitid/4V6Z|1|AA|G|1300,4V6Z|1|AA|A|1333,4V6Z|1|AA|G|1334
pdb_00004y27	5	0.394	0.079	0.518	M111101	1.A.C.2658.	1.A.G.2659.	1.A.A.2660.	1.A.OMG.2661.	-	1.A.G.2663.	C	G	A	OMG	-	G	M111101	1	1	1	0	0	SM	SM	SM	NA	NA	HC	HC	HC	HC	NA	HC	-	0	anti,~C3'-endo	anti,~C3'-endo	anti,~C3'-endo	anti,~C3'-endo	NA,NA	anti,~C3'-endo	-	C-G,cWW	-,stack	basepair,-	-,-	-,stack	-,-	-,stack	1	-	NR_all_94729.10	12	118	n1-n2-n3-n4____n6	-,RF00001,RF00011,RF00026,RF00028,RF00080,RF00177,RF00379,RF02541,RF02542,RF02543,RF02545	-,NR_all_00138.2,NR_all_01186.2,NR_all_01315.2,NR_all_03510.64,NR_all_03898.1,NR_all_04427.1,NR_all_04601.1,NR_all_06181.2,NR_all_06650.38,NR_all_07053.1,NR_all_07310.1,NR_all_08278.1,NR_all_08591.1,NR_all_09738.5,NR_all_09979.1,NR_all_11665.1,NR_all_11741.1,NR_all_12763.29,NR_all_12772.1,NR_all_13524.1,NR_all_14758.1,NR_all_17047.1,NR_all_18586.69,NR_all_18848.1,NR_all_20129.1,NR_all_20339.1,NR_all_20398.1,NR_all_20951.1,NR_all_20965.3,NR_all_21280.34,NR_all_22526.6,NR_all_24610.3,NR_all_26150.3,NR_all_27244.1,NR_all_27894.5,NR_all_29761.3,NR_all_32787.1,NR_all_38178.1,NR_all_39170.1,NR_all_39415.1,NR_all_39468.1,NR_all_40313.5,NR_all_41466.1,NR_all_41610.21,NR_all_42177.1,NR_all_45231.2,NR_all_45441.2,NR_all_46995.44,NR_all_48690.3,NR_all_49738.1,NR_all_50512.1,NR_all_51105.1,NR_all_51645.1,NR_all_51970.1,NR_all_52591.1,NR_all_53735.1,NR_all_54953.1,NR_all_55002.1,NR_all_56644.1,NR_all_56726.132,NR_all_56778.1,NR_all_57834.5,NR_all_57924.1,NR_all_58564.1,NR_all_59978.1,NR_all_60443.4,NR_all_60828.6,NR_all_61505.1,NR_all_65061.35,NR_all_65795.80,NR_all_66212.3,NR_all_66484.2,NR_all_66687.6,NR_all_67193.4,NR_all_67394.1,NR_all_69141.4,NR_all_69172.1,NR_all_71228.8,NR_all_72592.1,NR_all_72946.1,NR_all_73426.10,NR_all_73924.2,NR_all_74023.13,NR_all_75645.1,NR_all_76009.1,NR_all_76090.9,NR_all_77912.1,NR_all_79353.1,NR_all_80276.4,NR_all_80911.1,NR_all_81338.1,NR_all_82681.1,NR_all_82907.1,NR_all_83717.145,NR_all_86306.1,NR_all_88887.1,NR_all_88987.9,NR_all_90481.1,NR_all_90506.74,NR_all_90633.23,NR_all_91356.1,NR_all_91850.1,NR_all_93470.1,NR_all_93855.17,NR_all_94066.10,NR_all_94479.1,NR_all_94729.10,NR_all_94750.1,NR_all_95195.1,NR_all_95657.1,NR_all_95755.3,NR_all_96091.1,NR_all_96772.1,NR_all_97305.1,NR_all_97519.74,NR_all_98632.6,NR_all_99289.1	https://rna.bgsu.edu/rna3dhub/display3D/unitid/4Y27|1|A|C|2658,4Y27|1|A|G|2659,4Y27|1|A|A|2660,4Y27|1|A|OMG|2661,4Y27|1|A|G|2663
pdb_00005gak	5	0.810	0.162	1.232	M110111	1.1.C.1023.	1.1.G.1024.	-	1.1.A.1026.	1.1.A.1027.	1.1.G.1029.	C	G	-	A	A	G	M000000	1	0	0	1	2	LC	NA	NA	SM	LC	S	HC	NA	HC	HC	S	-	0	anti,~C3'-endo	anti,~C3'-endo	NA,NA	anti,~C3'-endo	anti,~C3'-endo	anti,~C3'-endo	-	C-G,cWW	-,-	-,-	-,-	-,-	-,-	-,-	0	RF02541	NR_all_90506.74	5	26	n1-n2____n4-n5|n6	-,RF00005,RF00488,RF02541,RF02542	-,NR_all_02527.1,NR_all_03110.1,NR_all_06181.2,NR_all_06650.38,NR_all_08591.1,NR_all_12763.29,NR_all_23989.1,NR_all_26150.3,NR_all_34961.4,NR_all_35798.2,NR_all_41610.21,NR_all_48882.1,NR_all_55002.1,NR_all_56726.132,NR_all_59982.1,NR_all_65061.35,NR_all_65694.1,NR_all_78541.1,NR_all_83593.5,NR_all_83717.145,NR_all_88987.9,NR_all_90506.74,NR_all_94750.1,NR_all_97519.74,NR_all_98632.6	https://rna.bgsu.edu/rna3dhub/display3D/unitid/5GAK|1|1|C|1023,5GAK|1|1|G|1024,5GAK|1|1|A|1026,5GAK|1|1|A|1027,5GAK|1|1|G|1029
pdb_00006gzx	5	1.012	0.202	1.351	M111110	1.A2.C.1002.	1.A2.G.1003.	1.A2.A.1004.	1.A2.A.1006.	1.A2.A.1007.	-	C	G	A	A	A	-	M000000	1	1	2	1	0	SM	SM	SM	SM	NA	JC	JC	JC	JC	JC	NA	-	0	anti,~C3'-endo	anti,~C3'-endo	anti,~C2'-endo	anti,~C3'-endo	anti,~C3'-endo	NA,NA	-	-	basepair,stack	-,-	-,-	-,-	-,stack	-,-	0	RF02541	NR_all_97519.74	3	6	n1-n2-n3|n4-n5___	-,RF02541,RF02542	-,NR_all_59982.1,NR_all_65795.80,NR_all_78651.1,NR_all_83717.145,NR_all_97519.74	https://rna.bgsu.edu/rna3dhub/display3D/unitid/6GZX|1|A2|C|1002,6GZX|1|A2|G|1003,6GZX|1|A2|A|1004,6GZX|1|A2|A|1006,6GZX|1|A2|A|1007
pdb_00006id1	4	0.943	0.236	1.078	M011110	-	1.G.G.16.	1.F.A.27.	1.F.A.29.	1.F.A.30.	-	-	G	A	A	A	-	M000000	0	0	2	1	0	NA	NR	SM	SM	NA	NA	HP	JI	JI	JI	NA	-	0	NA,NA	anti,~C2'-endo	anti,~C2'-endo	anti,~C3'-endo	anti,~C3'-endo	NA,NA	G-A,tSH	-	-,-	-,stack	-,stack	-,-	-,stack	-,-	0	RF00026	NR_all_56135.1	1	1	___n2|n3|n4-n5___	RF00026	NR_all_56135.1	https://rna.bgsu.edu/rna3dhub/display3D/unitid/6ID1|1|G|G|16,6ID1|1|F|A|27,6ID1|1|F|A|29,6ID1|1|F|A|30
pdb_00006ip5	3	0.450	0.150	0.551	M011010	-	1.1A.G.2811.	1.1A.A.2812.	-	1.1A.A.2815.	-	-	G	A	-	A	-	M000000	0	1	0	0	0	NA	SM	NA	NA	NA	NA	HC	HC	NA	HC	NA	-	0	NA,NA	anti,~C3'-endo	anti,~C3'-endo	NA,NA	anti,~C3'-endo	NA,NA	G-A,tSH	-	-,-	-,stack	-,stack	-,-	-,stack	-,-	1	RF02541	NR_all_65061.35	6	15	___n2-n3____n5___	-,RF00005,RF00029,RF02001,RF02541,RF02542	-,NR_all_06181.2,NR_all_06650.38,NR_all_19951.88,NR_all_21280.34,NR_all_28269.1,NR_all_35054.6,NR_all_51168.1,NR_all_56726.132,NR_all_61004.1,NR_all_65061.35,NR_all_67862.1,NR_all_83717.145,NR_all_89292.6,NR_all_90506.74	https://rna.bgsu.edu/rna3dhub/display3D/unitid/6IP5|1|1A|G|2811,6IP5|1|1A|A|2812,6IP5|1|1A|A|2815
pdb_00006lnb	6	0.830	0.138	1.157	M111111	1.M.C.50.	1.M.G.51.	1.M.A.52.	1.M.G.53.	1.M.A.55.	1.M.G.56.	C	G	A	G	A	G	M000000	1	1	1	2	1	LC	SM	SM	SM	LC	S	HC	HC	HC	HC	S	G,A,G,U,A	5	anti,~C3'-endo	anti,~C3'-endo	anti,~C3'-endo	anti,~C2'-endo	anti,~C3'-endo	anti,~C3'-endo	G-A,tSH	C-G,cWW	-,-	-,-	-,-	-,-	-,-	-,-	0	-	NR_all_11167.1	13	76	n1-n2-n3-n4|n5-n6	-,RF00026,RF00029,RF00168,RF00174,RF00379,RF00504,RF00619,RF01998,RF02001,RF02541,RF02542,RF02545	-,NR_all_00626.1,NR_all_01315.2,NR_all_03110.1,NR_all_03275.1,NR_all_03898.1,NR_all_06181.2,NR_all_06402.1,NR_all_08356.2,NR_all_08591.1,NR_all_10362.1,NR_all_11167.1,NR_all_11665.1,NR_all_14390.1,NR_all_15443.1,NR_all_15716.2,NR_all_15727.1,NR_all_15780.1,NR_all_16806.1,NR_all_17578.3,NR_all_18592.1,NR_all_18903.1,NR_all_21059.1,NR_all_23423.1,NR_all_23975.1,NR_all_26150.3,NR_all_26496.2,NR_all_27497.1,NR_all_27764.1,NR_all_29848.1,NR_all_31133.1,NR_all_32893.1,NR_all_34349.1,NR_all_35054.6,NR_all_35677.3,NR_all_41610.21,NR_all_42177.1,NR_all_42738.1,NR_all_45128.1,NR_all_51220.1,NR_all_53161.1,NR_all_53292.1,NR_all_53735.1,NR_all_55002.1,NR_all_56135.1,NR_all_57146.1,NR_all_57834.5,NR_all_61825.2,NR_all_63276.1,NR_all_65061.35,NR_all_65600.1,NR_all_66424.1,NR_all_71228.8,NR_all_73426.10,NR_all_73655.1,NR_all_76090.9,NR_all_77647.2,NR_all_78541.1,NR_all_80911.1,NR_all_83717.145,NR_all_85482.5,NR_all_86308.1,NR_all_88987.9,NR_all_90506.74,NR_all_90633.23,NR_all_91474.1,NR_all_93701.1,NR_all_94066.10,NR_all_94467.7,NR_all_94544.1,NR_all_94750.1,NR_all_94866.2,NR_all_95755.3,NR_all_96169.3,NR_all_97519.74,NR_all_99149.1	https://rna.bgsu.edu/rna3dhub/display3D/unitid/6LNB|1|M|C|50,6LNB|1|M|G|51,6LNB|1|M|A|52,6LNB|1|M|G|53,6LNB|1|M|A|55,6LNB|1|M|G|56
pdb_00006lu8	5	0.837	0.167	1.068	M111101	1.2.C.2561.	1.2.G.2562.	1.2.G.2564.	1.2.A.2565.	-	1.2.G.2566.	C	G	G	A	-	G	M000000	1	2	1	0	0	LC	SM	SM	NA	NA	S	HC	HC	HC	NA	S	-	0	anti,~C3'-endo	anti,~C3'-endo	anti,~C3'-endo	anti,~C3'-endo	NA,NA	anti,~C3'-endo	-	C-G,cWW	-,-	-,-	-,stack	-,-	-,-	-,-	0	RF02541	NR_all_65061.35	5	19	n1-n2|n3-n4____n6	-,RF00002,RF02541,RF00177,RF02541,RF02542	NR_all_00138.2,NR_all_06181.2,NR_all_08417.2,NR_all_13071.5,NR_all_90506.74,NR_all_15780.1,NR_all_35677.3,NR_all_38557.2,NR_all_56726.132,NR_all_59155.1,NR_all_65061.35,NR_all_65795.80,NR_all_68433.1,NR_all_71228.8,NR_all_83717.145,NR_all_88987.9,NR_all_90506.74,NR_all_90633.23,NR_all_93855.17,NR_all_97519.74	https://rna.bgsu.edu/rna3dhub/display3D/unitid/6LU8|1|2|C|2561,6LU8|1|2|G|2562,6LU8|1|2|G|2564,6LU8|1|2|A|2565,6LU8|1|2|G|2566
pdb_00006o8z	5	0.843	0.169	1.000	M111101	1.A.C.649.	1.A.G.650.	1.A.A.651.	1.A.G.653.	-	1.A.G.655.	C	G	A	G	-	G	M000000	1	1	2	0	0	LC	SM	SM	NA	NA	S	HC	HC	HC	NA	S	-	0	anti,~C3'-endo	anti,~C3'-endo	anti,~C2'-endo	anti,~C3'-endo	NA,NA	anti,~C2'-endo	-	C-G,cWW	-,-	-,-	-,-	-,-	-,-	-,-	0	RF02541	NR_all_98632.6	2	5	n1-n2-n3|n4____n6	RF02541,RF02542	NR_all_21280.34,NR_all_56726.132,NR_all_83717.145,NR_all_90633.23,NR_all_98632.6	https://rna.bgsu.edu/rna3dhub/display3D/unitid/6O8Z|1|A|C|649,6O8Z|1|A|G|650,6O8Z|1|A|A|651,6O8Z|1|A|G|653,6O8Z|1|A|G|655
pdb_00006ogg	5	0.943	0.189	1.391	M111110	1.1.U.2404.	1.1.G.2405.	1.1.G.2409.	1.1.G.2410.	1.1.A.2411.	-	U	G	G	G	A	-	M000000	1	4	1	1	0	LC	LC	SM	LC	NA	SJP	HPJP	SHP	SHP	HP	NA	-	0	anti,~C3'-endo	anti,~C3'-endo	anti,~C3'-endo	anti,~C3'-endo	anti,~C3'-endo	NA,NA	-	-	basepair,-	basepair,-	basepair,-	basepair,-	basepair,stack	-,-	0	RF02541	NR_all_83717.145	11	31	n1-n2|n3-n4-n5___	-,RF00001,RF00002,RF02541,RF00005,RF00168,RF00177,RF00209,RF00234,RF01852,RF02541,RF02542	-,NR_all_03510.64,NR_all_06181.2,NR_all_06650.38,NR_all_10157.143,NR_all_11665.1,NR_all_12763.29,NR_all_20392.1,NR_all_24279.1,NR_all_26988.1,NR_all_29848.1,NR_all_35122.1,NR_all_35133.6,NR_all_35677.3,NR_all_41610.21,NR_all_48954.1,NR_all_50512.1,NR_all_63276.1,NR_all_64446.1,NR_all_65795.80,NR_all_66212.3,NR_all_67193.4,NR_all_76251.2,NR_all_83717.145,NR_all_88987.9,NR_all_90506.74,NR_all_93855.17,NR_all_96091.1,NR_all_97519.74,NR_all_98632.6,NR_all_99059.1	https://rna.bgsu.edu/rna3dhub/display3D/unitid/6OGG|1|1|U|2404,6OGG|1|1|G|2405,6OGG|1|1|G|2409,6OGG|1|1|G|2410,6OGG|1|1|A|2411
pdb_00006ogi	6	1.472	0.245	2.189	M111111	1.3.G.1164.	1.3.G.1166.	1.3.A.1167.	1.3.A.1169.	1.3.A.1170.	1.3.A.1171.	G	G	A	A	A	A	M000000	2	1	2	1	1	SM	SM	SM	SM	SM	HC	HC	HC	HC	HC	HC	G,U,G,A,U,A,A,A,C	9	anti,~C3'-endo	anti,~C3'-endo	anti,~C3'-endo	anti,~C3'-endo	anti,~C3'-endo	anti,~C3'-endo	G-A,tSH	-	basepair,stack	-,stack	-,-	-,-	basepair,-	basepair,stack	0	RF02542	NR_all_56726.132	1	1	n1|n2-n3|n4-n5-n6	RF02542	NR_all_56726.132	https://rna.bgsu.edu/rna3dhub/display3D/unitid/6OGI|1|3|G|1164,6OGI|1|3|G|1166,6OGI|1|3|A|1167,6OGI|1|3|A|1169,6OGI|1|3|A|1170,6OGI|1|3|A|1171
pdb_00006q97	3	0.407	0.136	0.524	M010110	-	1.1.G.2144.	-	1.1.A.2147.	1.1.G.2148.	-	-	G	-	A	G	-	M000000	0	0	0	1	0	NA	NA	NA	SM	NA	NA	HC	NA	HC	HC	NA	-	0	NA,NA	anti,~C3'-endo	NA,NA	anti,~C3'-endo	anti,~C3'-endo	NA,NA	G-G,tSH	-	-,-	basepair,-	-,-	-,stack	-,stack	-,-	0	RF02541	NR_all_83717.145	10	51	___n2____n4-n5___	-,RF00005,RF00010,RF00023,RF00080,RF00177,RF00504,RF01998,RF02541,RF02542	-,NR_all_01186.2,NR_all_06042.1,NR_all_06181.2,NR_all_06563.1,NR_all_08470.1,NR_all_09738.5,NR_all_11665.1,NR_all_12763.29,NR_all_12772.1,NR_all_18848.1,NR_all_19534.1,NR_all_21280.34,NR_all_24279.1,NR_all_24366.1,NR_all_24610.3,NR_all_26150.3,NR_all_28611.1,NR_all_29761.3,NR_all_32787.1,NR_all_35054.6,NR_all_38961.4,NR_all_40313.5,NR_all_41466.1,NR_all_41610.21,NR_all_45353.1,NR_all_45441.2,NR_all_46927.1,NR_all_46995.44,NR_all_49738.1,NR_all_52591.1,NR_all_55925.1,NR_all_56101.4,NR_all_56726.132,NR_all_57146.1,NR_all_60443.4,NR_all_61825.2,NR_all_65061.35,NR_all_65795.80,NR_all_72627.1,NR_all_74023.13,NR_all_78541.1,NR_all_78651.1,NR_all_83717.145,NR_all_86019.1,NR_all_88987.9,NR_all_90506.74,NR_all_90633.23,NR_all_93855.17,NR_all_96870.2,NR_all_97519.74	https://rna.bgsu.edu/rna3dhub/display3D/unitid/6Q97|1|1|G|2144,6Q97|1|1|A|2147,6Q97|1|1|G|2148
pdb_00006r5q	3	0.140	0.047	0.164	M011100	-	1.5.G.2378.	1.5.A.2379.	1.5.G.2380.	-	-	-	G	A	G	-	-	M000000	0	1	1	0	0	NA	SM	SM	NA	NA	NA	HC	HC	HC	NA	NA	-	0	NA,NA	anti,~C3'-endo	anti,~C3'-endo	anti,~C3'-endo	NA,NA	NA,NA	-	-	-,-	basepair,stack	-,stack	-,stack	-,-	-,-	1	RF02541	NR_all_06650.38	29	165	___n2-n3-n4______	-,RF00001,RF00004,RF00005,RF00009,RF00010,RF00011,RF00015,RF00017,RF00029,RF00030,RF00059,RF00174,RF00177,RF00373,RF00379,RF00458,RF00507,RF01689,RF01807,RF01998,RF02001,RF02541,RF02542,RF02545,RF02678,RF02679,RF02681,RF04222	-,NR_all_00138.2,NR_all_00626.1,NR_all_01178.1,NR_all_01186.2,NR_all_01779.1,NR_all_02975.1,NR_all_03110.1,NR_all_03120.1,NR_all_03510.64,NR_all_03898.1,NR_all_04935.2,NR_all_06181.2,NR_all_06650.38,NR_all_07053.1,NR_all_08470.1,NR_all_08591.1,NR_all_09738.5,NR_all_11741.1,NR_all_12763.29,NR_all_13728.1,NR_all_14365.1,NR_all_18069.1,NR_all_18569.1,NR_all_18859.1,NR_all_18903.1,NR_all_19099.1,NR_all_19112.1,NR_all_19551.7,NR_all_19951.88,NR_all_20305.5,NR_all_20339.1,NR_all_21280.34,NR_all_21737.1,NR_all_22526.6,NR_all_22632.1,NR_all_23083.1,NR_all_23187.1,NR_all_24279.1,NR_all_24457.1,NR_all_24610.3,NR_all_25376.1,NR_all_26150.3,NR_all_26186.1,NR_all_26576.1,NR_all_26758.1,NR_all_27756.1,NR_all_27894.5,NR_all_29761.3,NR_all_29795.1,NR_all_29875.1,NR_all_31828.1,NR_all_32787.1,NR_all_34771.1,NR_all_35054.6,NR_all_35677.3,NR_all_36514.1,NR_all_37229.3,NR_all_38178.1,NR_all_39170.1,NR_all_39625.1,NR_all_40252.1,NR_all_40313.5,NR_all_41145.1,NR_all_41466.1,NR_all_41610.21,NR_all_42177.1,NR_all_42241.3,NR_all_42738.1,NR_all_45159.1,NR_all_45231.2,NR_all_45441.2,NR_all_45705.1,NR_all_46884.1,NR_all_46995.44,NR_all_48255.1,NR_all_48690.3,NR_all_48748.1,NR_all_48954.1,NR_all_49738.1,NR_all_50138.2,NR_all_50512.1,NR_all_50753.2,NR_all_51105.1,NR_all_51645.1,NR_all_52299.1,NR_all_52315.1,NR_all_52614.1,NR_all_53105.1,NR_all_54953.1,NR_all_56726.132,NR_all_56742.1,NR_all_56778.1,NR_all_57789.1,NR_all_59099.1,NR_all_59225.1,NR_all_59804.1,NR_all_59978.1,NR_all_59982.1,NR_all_60364.1,NR_all_60433.1,NR_all_60443.4,NR_all_61505.1,NR_all_62142.1,NR_all_62404.1,NR_all_62666.1,NR_all_63276.1,NR_all_64006.2,NR_all_65028.2,NR_all_65061.35,NR_all_65795.80,NR_all_66687.6,NR_all_67193.4,NR_all_67969.2,NR_all_69427.1,NR_all_69769.1,NR_all_70280.1,NR_all_70878.1,NR_all_71228.8,NR_all_72592.1,NR_all_73655.1,NR_all_73703.1,NR_all_73731.2,NR_all_73924.2,NR_all_74023.13,NR_all_74174.1,NR_all_74642.1,NR_all_74849.1,NR_all_75086.1,NR_all_76090.9,NR_all_78150.1,NR_all_78169.1,NR_all_78541.1,NR_all_78651.1,NR_all_79353.1,NR_all_80911.1,NR_all_81815.1,NR_all_82547.1,NR_all_82548.1,NR_all_82748.1,NR_all_82907.1,NR_all_83437.1,NR_all_83717.145,NR_all_84513.1,NR_all_86266.1,NR_all_88987.9,NR_all_90326.1,NR_all_90506.74,NR_all_90633.23,NR_all_92720.1,NR_all_93427.2,NR_all_93493.6,NR_all_93855.17,NR_all_94066.10,NR_all_94178.1,NR_all_95195.1,NR_all_95755.3,NR_all_96091.1,NR_all_96169.3,NR_all_96772.1,NR_all_97503.1,NR_all_97519.74,NR_all_97539.6,NR_all_98632.6,NR_all_99059.1	https://rna.bgsu.edu/rna3dhub/display3D/unitid/6R5Q|1|5|G|2378,6R5Q|1|5|A|2379,6R5Q|1|5|G|2380
pdb_00006s0x	5	1.096	0.219	1.261	M111011	1.A.U.2800.	1.A.A.2802.	1.A.U.2664.	-	1.A.A.2666.	1.A.G.2667.	U	A	U	-	A	G	M000000	2	-138	0	0	1	LC	SM	NA	NA	LC	S	IC	IC	NA	IC	S	-	0	anti,~C3'-endo	anti,NA	anti,NA	NA,NA	anti,~C3'-endo	anti,~C2'-endo	A-A,tSH	-	basepair,-	-,stack	-,stack	-,-	basepair,stack	basepair,-	0	RF02541	NR_all_90633.23	2	3	n1|n2|n3____n5-n6	RF02541,RF02542	NR_all_65795.80,NR_all_90633.23,NR_all_98268.1	https://rna.bgsu.edu/rna3dhub/display3D/unitid/6S0X|1|A|U|2800,6S0X|1|A|A|2802,6S0X|1|A|U|2664,6S0X|1|A|A|2666,6S0X|1|A|G|2667
pdb_00006skf	5	0.498	0.100	0.728	M011111	-	1.BA.G.527.	1.BA.G.528.	1.BA.G.529.	1.BA.A.530.	1.BA.G.531.	-	G	G	G	A	G	M000000	0	1	1	1	1	NA	SM	SM	SM	LC	NA	HC	HC	HC	HC	S	G,G,G,A	4	NA,NA	anti,~C3'-endo	anti,~C3'-endo	anti,~C3'-endo	anti,~C3'-endo	anti,~C3'-endo	G-A,tWH	-	-,-	-,-	-,stack	-,-	-,-	basepair,-	1	RF02541	NR_all_55002.1	5	25	___n2-n3-n4-n5-n6	-,RF02541,RF02542,RF02545,RF02546	-,NR_all_01451.1,NR_all_06181.2,NR_all_06650.38,NR_all_06835.1,NR_all_10994.1,NR_all_19551.7,NR_all_21280.34,NR_all_25291.1,NR_all_26765.1,NR_all_35349.1,NR_all_35677.3,NR_all_40313.5,NR_all_41610.21,NR_all_48954.1,NR_all_55002.1,NR_all_56726.132,NR_all_65795.80,NR_all_67969.2,NR_all_74023.13,NR_all_83717.145,NR_all_90633.23,NR_all_95657.1,NR_all_97403.1,NR_all_97519.74	https://rna.bgsu.edu/rna3dhub/display3D/unitid/6SKF|1|BA|G|527,6SKF|1|BA|G|528,6SKF|1|BA|G|529,6SKF|1|BA|A|530,6SKF|1|BA|G|531
pdb_00006spb	5	1.070	0.214	1.731	M110111	1.A.C.1739.	1.A.G.1740.	-	1.A.A.1742.	1.A.U.1745.	1.A.G.1743.	C	G	-	A	U	G	M000000	1	0	0	3	-2	SM	NA	NA	SM	SM	JC	JC	NA	JC	JC	JC	-	0	anti,~C3'-endo	anti,~C3'-endo	NA,NA	anti,~C3'-endo	syn,~C2'-endo	anti,~C3'-endo	-	C-G,cWW	-,stack	-,-	-,-	basepair,stack	-,-	-,stack	1	RF02541	NR_all_08417.2	3	7	n1-n2____n4|n5|n6	RF00005,RF02542,RF00169,RF02541	NR_all_08417.2,NR_all_08470.1,NR_all_08831.2,NR_all_24610.3,NR_all_27894.5,NR_all_65795.80,NR_all_83717.145	https://rna.bgsu.edu/rna3dhub/display3D/unitid/6SPB|1|A|C|1739,6SPB|1|A|G|1740,6SPB|1|A|A|1742,6SPB|1|A|U|1745,6SPB|1|A|G|1743
pdb_00006spf	6	1.156	0.193	2.008	M111111	1.a.U.216.	1.a.A.217.	1.a.U.178.	1.a.G.177.	1.a.C.176.	1.a.A.135.	U	A	U	G	C	A	M000000	1	-39	-1	-1	-41	SM	LC	SM	SM	LC	S	S	JC	JC	JC	S	-	0	anti,~C3'-endo	anti,~C3'-endo	anti,~C3'-endo	syn,~C3'-endo	syn,~C3'-endo	anti,~C3'-endo	A-C,tSH	U-A,cWW	-,-	basepair,stack	basepair,stack	basepair,-	-,-	-,-	0	RF02542	NR_all_65669.2	1	1	n1-n2|n3|n4|n5|n6	RF02542	NR_all_65669.2	https://rna.bgsu.edu/rna3dhub/display3D/unitid/6SPF|1|a|U|216,6SPF|1|a|A|217,6SPF|1|a|U|178,6SPF|1|a|G|177,6SPF|1|a|C|176,6SPF|1|a|A|135
pdb_00006x6t	6	1.416	0.236	2.482	M111111	1.a.G.954.	1.a.G.956.	1.a.C.957.	1.a.A.959.	1.a.A.960.	1.a.G.962.	G	G	C	A	A	G	M000000	2	1	2	1	2	LC	SM	SM	SM	SM	S	HC	HC	HC	HC	HC	U,G,C,U,A,A,C,G	8	anti,~C3'-endo	anti,~C3'-endo	anti,~C2'-endo	anti,~C3'-endo	anti,~C3'-endo	anti,~C3'-endo	G-A,tSH	-	basepair,-	-,-	-,-	basepair,-	basepair,-	basepair,stack	0	RF02541	NR_all_83717.145	1	2	n1|n2-n3|n4-n5|n6	RF02541	NR_all_06181.2,NR_all_83717.145	https://rna.bgsu.edu/rna3dhub/display3D/unitid/6X6T|1|a|G|954,6X6T|1|a|G|956,6X6T|1|a|C|957,6X6T|1|a|A|959,6X6T|1|a|A|960,6X6T|1|a|G|962
pdb_00006xdr	5	0.905	0.181	1.220	M011111	-	1.a.G.956.	1.a.C.957.	1.a.A.959.	1.a.A.960.	1.a.G.962.	-	G	C	A	A	G	M000000	0	1	2	1	2	NA	SM	SM	SM	SM	NA	HC	HC	HC	HC	HC	U,G,C,U,A,A,C,G	8	NA,NA	anti,~C3'-endo	anti,~C2'-endo	anti,~C3'-endo	anti,~C3'-endo	anti,~C3'-endo	G-A,tSH	-	-,-	-,-	-,-	-,-	basepair,-	basepair,stack	0	RF02541	NR_all_83717.145	1	1	___n2-n3|n4-n5|n6	RF02541	NR_all_83717.145	https://rna.bgsu.edu/rna3dhub/display3D/unitid/6XDR|1|a|G|956,6XDR|1|a|C|957,6XDR|1|a|A|959,6XDR|1|a|A|960,6XDR|1|a|G|962
pdb_00006xiq	5	1.075	0.215	1.289	M111110	1.1.U.1125.	1.1.G.1127.	1.1.U.1128.	1.1.A.1129.	1.1.A.1130.	-	U	G	U	A	A	-	M000000	2	1	1	1	0	LC	SM	SM	SM	NA	S	HC	HC	HC	HC	NA	G,U,A,A,G	5	anti,~C3'-endo	anti,~C3'-endo	anti,~C3'-endo	anti,~C3'-endo	anti,~C3'-endo	NA,NA	G-A,tSH	-	basepair,stack	-,-	-,stack	basepair,-	-,stack	-,-	1	RF02541	NR_all_90506.74	2	2	n1|n2-n3-n4-n5___	RF00029,RF02541	NR_all_26496.2,NR_all_90506.74	https://rna.bgsu.edu/rna3dhub/display3D/unitid/6XIQ|1|1|U|1125,6XIQ|1|1|G|1127,6XIQ|1|1|U|1128,6XIQ|1|1|A|1129,6XIQ|1|1|A|1130
pdb_00006ylx	6	1.227	0.205	1.993	M111111	1.1.C.2840.	1.1.G.2841.	1.1.U.2843.	1.1.C.2844.	1.1.A.2847.	1.1.G.2848.	C	G	U	C	A	G	M000000	1	2	1	3	1	LC	SM	SM	SM	LC	S	HC	HC	HC	HC	S	G,U,U,C,A,U,A	7	anti,~C3'-endo	anti,~C3'-endo	anti,~C3'-endo	anti,~C2'-endo	anti,~C3'-endo	anti,~C3'-endo	G-A,tSH	C-G,cWW	-,-	-,-	-,-	-,-	-,-	-,-	0	RF02541	NR_all_90506.74	3	7	n1-n2|n3-n4|n5-n6	-,RF02541,RF02542	NR_all_01186.2,NR_all_03510.64,NR_all_15716.2,NR_all_21280.34,NR_all_46995.44,NR_all_51105.1,NR_all_90506.74	https://rna.bgsu.edu/rna3dhub/display3D/unitid/6YLX|1|1|C|2840,6YLX|1|1|G|2841,6YLX|1|1|U|2843,6YLX|1|1|C|2844,6YLX|1|1|A|2847,6YLX|1|1|G|2848
pdb_00007a01	5	1.047	0.209	1.446	M011111	-	1.K3.U.822.	1.K3.C.824.	1.K3.A.825.	1.K3.A.826.	1.K3.A.827.	-	U	C	A	A	A	M000000	0	2	1	1	1	NA	SM	SM	SM	SM	NA	IC	IC	IC	IC	IC	-	0	NA,NA	anti,~C3'-endo	anti,~C3'-endo	anti,~C3'-endo	anti,~C3'-endo	anti,~C3'-endo	U-A,tWH	-	-,-	-,-	-,-	-,-	-,-	-,stack	0	RF02542	NR_all_21280.34	5	16	___n2|n3-n4-n5-n6	-,RF00061,RF02541,RF02542,RF02543	NR_all_01186.2,NR_all_03510.64,NR_all_06181.2,NR_all_08125.1,NR_all_08417.2,NR_all_20398.1,NR_all_21280.34,NR_all_34334.1,NR_all_43481.4,NR_all_46995.44,NR_all_56726.132,NR_all_65669.2,NR_all_65795.80,NR_all_81584.1,NR_all_83717.145,NR_all_97519.74	https://rna.bgsu.edu/rna3dhub/display3D/unitid/7A01|1|K3|U|822,7A01|1|K3|C|824,7A01|1|K3|A|825,7A01|1|K3|A|826,7A01|1|K3|A|827
pdb_00007a01	4	0.586	0.146	0.784	M011110	-	1.K3.G.959.	1.K3.A.962.	1.K3.A.963.	1.K3.A.964.	-	-	G	A	A	A	-	M000000	0	3	1	1	0	NA	SM	SM	SM	NA	NA	HC	HC	HC	HC	NA	G,G,U,G,A,A,A,U	8	NA,NA	anti,~C3'-endo	anti,~C3'-endo	anti,~C3'-endo	anti,~C3'-endo	NA,NA	G-A,tSH	-	-,-	-,stack	-,stack	basepair,-	-,stack	-,-	0	RF02542	NR_all_21280.34	9	57	___n2|n3-n4-n5___	-,RF00001,RF00005,RF00011,RF00023,RF00177,RF00234,RF02541,RF02542	-,NR_all_01186.2,NR_all_03510.64,NR_all_03898.1,NR_all_04427.1,NR_all_06181.2,NR_all_06650.38,NR_all_07053.1,NR_all_08417.2,NR_all_08470.1,NR_all_09738.5,NR_all_13524.1,NR_all_19551.7,NR_all_19951.88,NR_all_20305.5,NR_all_20339.1,NR_all_21280.34,NR_all_23368.1,NR_all_23790.1,NR_all_23849.2,NR_all_24279.1,NR_all_26765.1,NR_all_32787.1,NR_all_35133.6,NR_all_35542.141,NR_all_39170.1,NR_all_39415.1,NR_all_40313.5,NR_all_41328.1,NR_all_41466.1,NR_all_41610.21,NR_all_45231.2,NR_all_45441.2,NR_all_45705.1,NR_all_46927.1,NR_all_51168.1,NR_all_53844.1,NR_all_56726.132,NR_all_60443.4,NR_all_65061.35,NR_all_65795.80,NR_all_66687.6,NR_all_67193.4,NR_all_79194.1,NR_all_82907.1,NR_all_83717.145,NR_all_88987.9,NR_all_90506.74,NR_all_90633.23,NR_all_92130.1,NR_all_93493.6,NR_all_93855.17,NR_all_94544.1,NR_all_96955.1,NR_all_97519.74,NR_all_97539.6,NR_all_99059.1	https://rna.bgsu.edu/rna3dhub/display3D/unitid/7A01|1|K3|G|959,7A01|1|K3|A|962,7A01|1|K3|A|963,7A01|1|K3|A|964
pdb_00007bge	5	1.016	0.203	1.548	M110111	1.a.G.1003.	1.a.U.1002.	-	1.a.G.1055.	1.a.A.1056.	1.a.C.1057.	G	U	-	G	A	C	M000000	-1	0	0	1	1	SM	NA	NA	SM	LC	JC	JC	NA	S	S	JC	-	0	syn,~C2'-endo	anti,~C2'-endo	NA,NA	anti,~C3'-endo	anti,~C3'-endo	anti,~C3'-endo	U-A,tWH	G-C,cWW	basepair,-	-,-	-,-	basepair,stack	basepair,-	basepair,stack	0	RF02542	NR_all_74023.13	2	10	n1|n2____n4-n5-n6	RF02541,RF02542	NR_all_01186.2,NR_all_06650.38,NR_all_43481.4,NR_all_50138.2,NR_all_56726.132,NR_all_61969.1,NR_all_66687.6,NR_all_67193.4,NR_all_74023.13,NR_all_94066.10	https://rna.bgsu.edu/rna3dhub/display3D/unitid/7BGE|1|a|G|1003,7BGE|1|a|U|1002,7BGE|1|a|G|1055,7BGE|1|a|A|1056,7BGE|1|a|C|1057
pdb_00007jjd	5	0.378	0.076	0.649	M111011	1.A.C.2658.	1.A.G.2659.	1.A.A.2660.	-	1.A.A.2662.	1.A.G.2663.	C	G	A	-	A	G	M111011	1	1	0	0	1	SM	SM	NA	NA	SM	HC	HC	HC	NA	HC	HC	-	0	anti,~C3'-endo	anti,~C3'-endo	anti,~C3'-endo	NA,NA	anti,~C3'-endo	anti,~C3'-endo	G-A,tSH	C-G,cWW	-,stack	-,-	-,stack	-,-	-,stack	-,stack	1	-	NR_all_94729.10	6	43	n1-n2-n3____n5-n6	-,RF00001,RF00017,RF00020,RF02541,RF02542	NR_all_01186.2,NR_all_03510.64,NR_all_06181.2,NR_all_06650.38,NR_all_12763.29,NR_all_15780.1,NR_all_20305.5,NR_all_20965.3,NR_all_21280.34,NR_all_22526.6,NR_all_24279.1,NR_all_27894.5,NR_all_30691.1,NR_all_34771.1,NR_all_41466.1,NR_all_41610.21,NR_all_42308.1,NR_all_42622.74,NR_all_46927.1,NR_all_46995.44,NR_all_48954.1,NR_all_50512.1,NR_all_54145.1,NR_all_56726.132,NR_all_59155.1,NR_all_62396.2,NR_all_63276.1,NR_all_63356.1,NR_all_65061.35,NR_all_65795.80,NR_all_66687.6,NR_all_68863.1,NR_all_73286.27,NR_all_74023.13,NR_all_80911.1,NR_all_83717.145,NR_all_85225.1,NR_all_88987.9,NR_all_90506.74,NR_all_90633.23,NR_all_94729.10,NR_all_97519.74,NR_all_98632.6	https://rna.bgsu.edu/rna3dhub/display3D/unitid/7JJD|1|A|C|2658,7JJD|1|A|G|2659,7JJD|1|A|A|2660,7JJD|1|A|A|2662,7JJD|1|A|G|2663
pdb_00007rqc	6	0.595	0.099	0.801	M111111	1.2A.C.955.	1.2A.G.956.	1.2A.A.957.	1.2A.A.959.	1.2A.A.960.	1.2A.G.962.	C	G	A	A	A	G	M000000	1	1	2	1	2	LC	SM	SM	SM	LC	S	HC	HC	HC	HC	S	G,A,U,A,A,C	6	anti,~C3'-endo	anti,~C3'-endo	anti,~C2'-endo	anti,~C3'-endo	anti,~C3'-endo	anti,~C3'-endo	G-A,tSH	C-G,cWW	-,-	-,-	basepair,-	basepair,-	basepair,-	basepair,-	0	RF02541	NR_all_97519.74	4	26	n1-n2-n3|n4-n5|n6	-,RF00001,RF00005,RF02541	-,NR_all_03110.1,NR_all_03898.1,NR_all_06181.2,NR_all_08125.1,NR_all_08470.1,NR_all_12763.29,NR_all_20305.5,NR_all_23989.1,NR_all_24610.3,NR_all_35677.3,NR_all_41466.1,NR_all_41610.21,NR_all_43040.2,NR_all_50188.1,NR_all_59982.1,NR_all_72592.1,NR_all_76090.9,NR_all_81338.1,NR_all_83717.145,NR_all_88987.9,NR_all_90633.23,NR_all_94178.1,NR_all_96169.3,NR_all_97519.74,NR_all_98632.6	https://rna.bgsu.edu/rna3dhub/display3D/unitid/7RQC|1|2A|C|955,7RQC|1|2A|G|956,7RQC|1|2A|A|957,7RQC|1|2A|A|959,7RQC|1|2A|A|960,7RQC|1|2A|G|962
pdb_00007ryh	5	1.191	0.238	1.547	M011111	-	1.a.G.1163.	1.a.A.1164.	1.a.A.1166.	1.a.A.1167.	1.a.A.1168.	-	G	A	A	A	A	M000000	0	1	2	1	1	NA	SM	SM	SM	SM	NA	HC	HC	HC	HC	HC	U,G,A,C,A,A,A	7	NA,NA	anti,~C3'-endo	anti,~C3'-endo	anti,~C3'-endo	anti,~C3'-endo	anti,~C3'-endo	G-A,tSH	-	-,-	-,-	-,-	-,-	-,-	basepair,stack	0	RF02542	NR_all_43481.4	1	1	___n2-n3|n4-n5-n6	RF02542	NR_all_43481.4	https://rna.bgsu.edu/rna3dhub/display3D/unitid/7RYH|1|a|G|1163,7RYH|1|a|A|1164,7RYH|1|a|A|1166,7RYH|1|a|A|1167,7RYH|1|a|A|1168
pdb_00007s9u	3	0.672	0.224	0.747	M011100	-	1.A.G.1002.	1.A.A.1003.	1.A.A.1005.	-	-	-	G	A	A	-	-	M000000	0	1	2	0	0	NA	SM	SM	NA	NA	NA	HC	HC	HC	NA	NA	-	0	NA,NA	anti,~C3'-endo	anti,~C2'-endo	anti,~C3'-endo	NA,NA	NA,NA	-	-	-,-	-,stack	-,-	-,stack	-,-	-,-	0	RF02541	NR_all_41610.21	1	1	___n2-n3|n4______	RF02541	NR_all_41610.21	https://rna.bgsu.edu/rna3dhub/display3D/unitid/7S9U|1|A|G|1002,7S9U|1|A|A|1003,7S9U|1|A|A|1005
pdb_00007sae	5	0.304	0.061	0.407	M110111	1.A.C.249.	1.A.G.250.	-	1.A.G.253.	1.A.A.254.	1.A.G.255.	C	G	-	G	A	G	M000000	1	0	0	1	1	LC	NA	NA	SM	LC	S	HC	NA	HC	HC	S	-	0	anti,~C3'-endo	anti,~C3'-endo	NA,NA	anti,~C3'-endo	anti,~C3'-endo	anti,~C3'-endo	G-A,tSH	C-G,cWW	-,-	-,stack	-,-	basepair,stack	basepair,-	-,-	0	RF02541	NR_all_41610.21	18	150	n1-n2____n4-n5-n6	-,RF00001,RF00002,RF00005,RF00011,RF00015,RF00028,RF00029,RF00061,RF00177,RF00380,RF00504,RF01084,RF01831,RF02095,RF02541,RF02542,RF02545	-,NR_all_00138.2,NR_all_00184.1,NR_all_00917.1,NR_all_01178.1,NR_all_01186.2,NR_all_02975.1,NR_all_03110.1,NR_all_03510.64,NR_all_03898.1,NR_all_05530.5,NR_all_06181.2,NR_all_06563.1,NR_all_06650.38,NR_all_08125.1,NR_all_08417.2,NR_all_08470.1,NR_all_08591.1,NR_all_09738.5,NR_all_11665.1,NR_all_11741.1,NR_all_11905.1,NR_all_12406.4,NR_all_12506.1,NR_all_12763.29,NR_all_12772.1,NR_all_13728.1,NR_all_13732.1,NR_all_15780.1,NR_all_18586.69,NR_all_19551.7,NR_all_20129.1,NR_all_20305.5,NR_all_20339.1,NR_all_20965.3,NR_all_21280.34,NR_all_22001.1,NR_all_22526.6,NR_all_23790.1,NR_all_24610.3,NR_all_25291.1,NR_all_26150.3,NR_all_26483.1,NR_all_27244.1,NR_all_27894.5,NR_all_28269.1,NR_all_29761.3,NR_all_30586.1,NR_all_32185.1,NR_all_32787.1,NR_all_35456.1,NR_all_35677.3,NR_all_35798.2,NR_all_35881.1,NR_all_37204.1,NR_all_38367.1,NR_all_38681.1,NR_all_39415.1,NR_all_40313.5,NR_all_41610.21,NR_all_42177.1,NR_all_42622.74,NR_all_43106.1,NR_all_43481.4,NR_all_45178.1,NR_all_45231.2,NR_all_45441.2,NR_all_45705.1,NR_all_46927.1,NR_all_46995.44,NR_all_47162.1,NR_all_48437.1,NR_all_48954.1,NR_all_49738.1,NR_all_50188.1,NR_all_50512.1,NR_all_51645.1,NR_all_51805.1,NR_all_52597.1,NR_all_54508.1,NR_all_54580.1,NR_all_55002.1,NR_all_56726.132,NR_all_56732.2,NR_all_56778.1,NR_all_56999.3,NR_all_57789.1,NR_all_59155.1,NR_all_59225.1,NR_all_62118.1,NR_all_59327.1,NR_all_59982.1,NR_all_60433.1,NR_all_60443.4,NR_all_60828.6,NR_all_61505.1,NR_all_63276.1,NR_all_63708.1,NR_all_65061.35,NR_all_65669.2,NR_all_65795.80,NR_all_66212.3,NR_all_66687.6,NR_all_67193.4,NR_all_67394.1,NR_all_69141.4,NR_all_70091.1,NR_all_72592.1,NR_all_73216.6,NR_all_73434.1,NR_all_73655.1,NR_all_74023.13,NR_all_74421.1,NR_all_76090.9,NR_all_77647.2,NR_all_77936.1,NR_all_78541.1,NR_all_78797.5,NR_all_80027.1,NR_all_80911.1,NR_all_81247.1,NR_all_82907.1,NR_all_83717.145,NR_all_85143.1,NR_all_85225.1,NR_all_85482.5,NR_all_86256.1,NR_all_88664.1,NR_all_88987.9,NR_all_89181.3,NR_all_89292.6,NR_all_90506.74,NR_all_90633.23,NR_all_92710.1,NR_all_93470.1,NR_all_93493.6,NR_all_93855.17,NR_all_94066.10,NR_all_94750.1,NR_all_94952.1,NR_all_95657.1,NR_all_96091.1,NR_all_96169.3,NR_all_96354.4,NR_all_97519.74,NR_all_97539.6,NR_all_98268.1,NR_all_98632.6,NR_all_99058.1,NR_all_99149.1,NR_all_99289.1	https://rna.bgsu.edu/rna3dhub/display3D/unitid/7SAE|1|A|C|249,7SAE|1|A|G|250,7SAE|1|A|G|253,7SAE|1|A|A|254,7SAE|1|A|G|255
pdb_00007uin	4	0.604	0.151	0.722	M011110	-	1.B.A.145.	1.B.A.146.	1.B.A.147.	1.B.A.137.	-	-	A	A	A	A	-	M000000	0	1	1	-10	0	NA	SM	SM	SM	NA	NA	BCJP	BCJP	BCJP	BCJP	NA	-	0	NA,NA	anti,~C3'-endo	anti,~C3'-endo	anti,~C3'-endo	anti,~C3'-endo	NA,NA	A-A,tSH	-	-,-	-,stack	basepair,stack	basepair,-	-,stack	-,-	0	RF00029	NR_all_99149.1	8	53	___n2-n3-n4|n5___	-,RF00001,RF00029,RF00164,RF01998,RF02001,RF02541,RF02542	-,NR_all_00138.2,NR_all_01186.2,NR_all_03110.1,NR_all_03510.64,NR_all_03898.1,NR_all_06181.2,NR_all_06563.1,NR_all_06650.38,NR_all_08212.1,NR_all_08417.2,NR_all_08591.1,NR_all_12763.29,NR_all_12772.1,NR_all_13728.1,NR_all_17605.3,NR_all_26150.3,NR_all_28320.1,NR_all_35054.6,NR_all_35677.3,NR_all_36101.3,NR_all_37869.1,NR_all_41610.21,NR_all_43481.4,NR_all_43483.1,NR_all_45441.2,NR_all_46927.1,NR_all_46995.44,NR_all_49738.1,NR_all_54580.1,NR_all_56726.132,NR_all_59978.1,NR_all_61505.1,NR_all_65061.35,NR_all_65669.2,NR_all_65795.80,NR_all_71228.8,NR_all_72592.1,NR_all_74023.13,NR_all_75645.1,NR_all_76090.9,NR_all_78651.1,NR_all_83717.145,NR_all_90506.74,NR_all_90633.23,NR_all_93470.1,NR_all_93493.6,NR_all_94178.1,NR_all_96091.1,NR_all_97519.74,NR_all_97539.6,NR_all_98632.6,NR_all_99149.1	https://rna.bgsu.edu/rna3dhub/display3D/unitid/7UIN|1|B|A|145,7UIN|1|B|A|146,7UIN|1|B|A|147,7UIN|1|B|A|137
pdb_00007xsl	4	0.575	0.144	0.847	M011110	-	1.N.G.23.	1.N.A.24.	1.N.G.25.	1.N.G.26.	-	-	G	A	G	G	-	M000000	0	1	1	1	0	NA	SM	SM	SM	NA	NA	HI	HI	HI	HI	NA	-	0	NA,NA	anti,~C3'-endo	anti,~C3'-endo	anti,~C3'-endo	anti,~C3'-endo	NA,NA	G-G,tSH	-	-,-	basepair,stack	-,-	-,-	-,stack	-,-	1	RF00028	NR_all_69141.4	19	141	___n2-n3-n4-n5___	-,RF00002,RF00004,RF00005,RF00010,RF00017,RF00020,RF00026,RF00028,RF00029,RF00059,RF00177,RF00458,RF00504,RF00634,RF01734,RF01786,RF02541,RF02542	-,NR_all_00184.1,NR_all_01186.2,NR_all_01315.2,NR_all_03510.64,NR_all_04219.1,NR_all_04427.1,NR_all_04836.1,NR_all_06181.2,NR_all_06563.1,NR_all_06650.38,NR_all_07053.1,NR_all_07315.1,NR_all_08356.2,NR_all_08470.1,NR_all_11665.1,NR_all_12733.1,NR_all_12763.29,NR_all_12772.1,NR_all_13632.1,NR_all_13728.1,NR_all_16624.1,NR_all_19099.1,NR_all_19551.7,NR_all_19951.88,NR_all_20305.5,NR_all_20585.3,NR_all_21280.34,NR_all_21737.1,NR_all_22325.1,NR_all_24279.1,NR_all_25049.1,NR_all_25291.1,NR_all_26074.1,NR_all_26150.3,NR_all_26264.1,NR_all_26765.1,NR_all_27756.1,NR_all_27894.5,NR_all_28611.1,NR_all_28938.1,NR_all_29761.3,NR_all_31828.1,NR_all_32696.1,NR_all_32787.1,NR_all_33048.1,NR_all_33922.2,NR_all_34771.1,NR_all_35542.141,NR_all_35677.3,NR_all_36141.1,NR_all_36148.1,NR_all_38286.3,NR_all_38606.3,NR_all_39170.1,NR_all_39369.1,NR_all_39625.1,NR_all_39627.5,NR_all_40313.5,NR_all_41328.1,NR_all_41466.1,NR_all_41610.21,NR_all_42241.3,NR_all_43481.4,NR_all_44609.1,NR_all_45231.2,NR_all_45441.2,NR_all_45705.1,NR_all_45930.3,NR_all_46927.1,NR_all_46995.44,NR_all_48198.1,NR_all_48690.3,NR_all_49241.1,NR_all_49738.1,NR_all_50005.1,NR_all_51503.1,NR_all_51645.1,NR_all_52597.1,NR_all_53992.1,NR_all_54098.2,NR_all_55002.1,NR_all_56101.4,NR_all_56633.6,NR_all_56644.1,NR_all_56726.132,NR_all_57545.1,NR_all_57834.5,NR_all_59155.1,NR_all_59804.1,NR_all_59982.1,NR_all_60443.4,NR_all_61138.1,NR_all_62118.1,NR_all_65061.35,NR_all_65073.1,NR_all_65795.80,NR_all_66687.6,NR_all_67193.4,NR_all_68433.1,NR_all_68467.13,NR_all_69141.4,NR_all_71228.8,NR_all_72470.1,NR_all_73142.1,NR_all_73165.3,NR_all_73426.10,NR_all_73655.1,NR_all_74023.13,NR_all_76090.9,NR_all_78541.1,NR_all_79182.1,NR_all_79353.1,NR_all_80027.1,NR_all_80074.1,NR_all_80237.1,NR_all_80911.1,NR_all_82548.1,NR_all_82907.1,NR_all_82984.1,NR_all_83717.145,NR_all_84448.1,NR_all_85225.1,NR_all_88364.1,NR_all_88987.9,NR_all_89906.2,NR_all_90506.74,NR_all_90633.23,NR_all_93156.1,NR_all_93493.6,NR_all_93855.17,NR_all_94066.10,NR_all_94544.1,NR_all_95657.1,NR_all_96169.3,NR_all_96354.4,NR_all_97519.74,NR_all_97539.6,NR_all_98632.6,NR_all_99149.1,NR_all_99699.1	https://rna.bgsu.edu/rna3dhub/display3D/unitid/7XSL|1|N|G|23,7XSL|1|N|A|24,7XSL|1|N|G|25,7XSL|1|N|G|26
pdb_00007zrs	6	1.442	0.240	3.032	M111111	1.2.U.1254.	1.2.G.1255.	1.2.A.1227.	1.2.A.1256.	1.2.A.1230.	1.2.U.1231.	U	G	A	A	A	U	M000000	1	-28	29	-26	1	SM	SM	SM	SM	SM	IC	IC	IC	IC	IC	IC	-	0	anti,~C3'-endo	anti,~C2'-endo	syn,~C2'-endo	anti,~C2'-endo	anti,~C3'-endo	anti,~C3'-endo	G-A,tSH	U-U,cWW	-,stack	-,stack	-,-	basepair,-	basepair,-	-,-	0	RF02542	NR_all_03510.64	1	3	n1-n2|n3|n4|n5-n6	RF02542	NR_all_03510.64,NR_all_46995.44,NR_all_62666.1	https://rna.bgsu.edu/rna3dhub/display3D/unitid/7ZRS|1|2|U|1254,7ZRS|1|2|G|1255,7ZRS|1|2|A|1227,7ZRS|1|2|A|1256,7ZRS|1|2|A|1230,7ZRS|1|2|U|1231
pdb_00008bip	3	0.301	0.100	0.448	M011010	-	1.1.G.1713.	1.1.G.1728.	-	1.1.A.1731.	-	-	G	G	-	A	-	M000000	0	15	0	0	0	NA	SM	NA	NA	NA	NA	IC	IC	NA	IC	NA	-	0	NA,NA	anti,~C2'-endo	syn,~C2'-endo	NA,NA	anti,~C3'-endo	NA,NA	G-A,tSH	-	-,-	-,stack	-,stack	-,-	-,stack	-,-	0	RF02541	NR_all_90506.74	7	33	___n2|n3____n5___	-,RF00015,RF00029,RF00162,RF01846,RF02541,RF02542	NR_all_00138.2,NR_all_06650.38,NR_all_07902.3,NR_all_08591.1,NR_all_15727.1,NR_all_26150.3,NR_all_26576.1,NR_all_40894.1,NR_all_41466.1,NR_all_42177.1,NR_all_45061.1,NR_all_46995.44,NR_all_47291.1,NR_all_47865.1,NR_all_62666.1,NR_all_65061.35,NR_all_66212.3,NR_all_67642.1,NR_all_70895.1,NR_all_76090.9,NR_all_79830.1,NR_all_80055.1,NR_all_83717.145,NR_all_84517.1,NR_all_88157.4,NR_all_89185.1,NR_all_90326.1,NR_all_90506.74,NR_all_95195.1,NR_all_96091.1,NR_all_96169.3,NR_all_97519.74,NR_all_98632.6	https://rna.bgsu.edu/rna3dhub/display3D/unitid/8BIP|1|1|G|1713,8BIP|1|1|G|1728,8BIP|1|1|A|1731
pdb_00008btd	6	0.672	0.112	0.930	M111111	1.St.C.289.	1.St.G.290.	1.St.G.275.	1.St.G.276.	1.St.A.277.	1.St.G.278.	C	G	G	G	A	G	M000000	1	-15	1	1	1	LC	LC	SM	LC	LC	S	IC	S	S	IC	S	-	0	anti,~C3'-endo	anti,~C2'-endo	anti,~C3'-endo	anti,~C3'-endo	anti,~C3'-endo	anti,~C3'-endo	G-A,tSH	C-G,cWW	-,-	-,-	basepair,-	basepair,-	basepair,-	-,-	0	RF02542	NR_all_60443.4	19	143	n1-n2|n3-n4-n5-n6	-,RF00001,RF00002,RF02541,RF00005,RF00017,RF00026,RF00029,RF00050,RF00061,RF00169,RF00177,RF00234,RF00442,RF00634,RF01084,RF01852,RF02340,RF02541,RF02542	-,NR_all_00138.2,NR_all_00361.1,NR_all_01186.2,NR_all_01253.1,NR_all_02975.1,NR_all_03110.1,NR_all_03510.64,NR_all_03898.1,NR_all_06181.2,NR_all_06563.1,NR_all_06650.38,NR_all_07053.1,NR_all_08125.1,NR_all_08417.2,NR_all_08470.1,NR_all_08591.1,NR_all_08692.3,NR_all_08831.2,NR_all_09738.5,NR_all_10157.143,NR_all_11665.1,NR_all_11905.1,NR_all_12406.4,NR_all_12733.1,NR_all_12763.29,NR_all_12772.1,NR_all_13728.1,NR_all_14992.1,NR_all_17405.9,NR_all_17578.3,NR_all_18069.1,NR_all_18586.69,NR_all_18881.1,NR_all_20305.5,NR_all_20392.1,NR_all_21280.34,NR_all_23083.1,NR_all_24279.1,NR_all_24610.3,NR_all_25291.1,NR_all_26150.3,NR_all_26483.1,NR_all_26765.1,NR_all_26988.1,NR_all_27244.1,NR_all_27894.5,NR_all_29761.3,NR_all_30437.1,NR_all_31511.1,NR_all_31798.1,NR_all_32787.1,NR_all_34610.1,NR_all_35542.141,NR_all_35677.3,NR_all_35798.2,NR_all_35965.1,NR_all_39468.1,NR_all_40063.1,NR_all_40313.5,NR_all_40570.1,NR_all_40894.1,NR_all_41466.1,NR_all_41610.21,NR_all_42177.1,NR_all_42622.74,NR_all_43481.4,NR_all_43894.1,NR_all_44554.1,NR_all_45128.1,NR_all_45441.2,NR_all_45705.1,NR_all_46995.44,NR_all_47203.2,NR_all_48784.1,NR_all_48954.1,NR_all_50188.1,NR_all_50314.5,NR_all_51377.2,NR_all_51645.1,NR_all_51805.1,NR_all_52739.1,NR_all_53105.1,NR_all_54508.1,NR_all_54953.1,NR_all_55002.1,NR_all_56644.1,NR_all_56726.132,NR_all_57598.2,NR_all_59982.1,NR_all_60443.4,NR_all_61138.1,NR_all_61825.2,NR_all_62666.1,NR_all_63276.1,NR_all_65061.35,NR_all_65795.80,NR_all_66212.3,NR_all_66687.6,NR_all_66812.1,NR_all_67193.4,NR_all_67384.3,NR_all_67394.1,NR_all_67969.2,NR_all_68433.1,NR_all_72592.1,NR_all_74023.13,NR_all_75133.1,NR_all_75645.1,NR_all_76090.9,NR_all_76251.2,NR_all_77647.2,NR_all_78269.1,NR_all_78506.1,NR_all_78541.1,NR_all_79284.1,NR_all_80027.1,NR_all_80911.1,NR_all_81247.1,NR_all_82286.1,NR_all_83717.145,NR_all_83891.22,NR_all_88664.1,NR_all_88987.9,NR_all_89181.3,NR_all_90326.1,NR_all_90506.74,NR_all_90633.23,NR_all_91495.1,NR_all_93470.1,NR_all_93855.17,NR_all_94066.10,NR_all_95657.1,NR_all_95755.3,NR_all_96091.1,NR_all_96169.3,NR_all_96456.1,NR_all_97519.74,NR_all_97539.6,NR_all_98632.6,NR_all_99059.1,NR_all_99100.1,NR_all_99149.1	https://rna.bgsu.edu/rna3dhub/display3D/unitid/8BTD|1|St|C|289,8BTD|1|St|G|290,8BTD|1|St|G|275,8BTD|1|St|G|276,8BTD|1|St|A|277,8BTD|1|St|G|278
pdb_00008cku	5	1.214	0.243	1.399	M011111	-	1.AA.G.1024.	1.AA.A.1025.	1.AA.A.1026.	1.AA.A.1027.	1.AA.G.1029.	-	G	A	A	A	G	M000000	0	1	1	1	2	NA	SM	SM	SM	SM	NA	HC	HC	HC	HC	HC	U,C,G,A,A,A,U,G,A	9	NA,NA	anti,~C3'-endo	anti,~C3'-endo	anti,~C2'-endo	anti,~C3'-endo	anti,~C3'-endo	G-A,tSH	-	-,-	-,stack	-,-	-,-	-,-	basepair,stack	0	RF02541	NR_all_90506.74	1	1	___n2-n3-n4-n5|n6	RF02541	NR_all_90506.74	https://rna.bgsu.edu/rna3dhub/display3D/unitid/8CKU|1|AA|G|1024,8CKU|1|AA|A|1025,8CKU|1|AA|A|1026,8CKU|1|AA|A|1027,8CKU|1|AA|G|1029
pdb_00008e47	5	0.763	0.153	1.123	M111110	1.I.U.499.	1.I.G.500.	1.I.A.501.	1.I.A.502.	1.I.A.505.	-	U	G	A	A	A	-	M000000	1	1	1	3	0	SM	SM	SM	SM	NA	JCJP	JCJP	JCJP	JCJP	JCJP	NA	-	0	anti,~C3'-endo	anti,~C3'-endo	anti,~C3'-endo	anti,~C3'-endo	anti,~C3'-endo	NA,NA	G-A,tSH	-	basepair,stack	-,-	basepair,stack	-,-	basepair,stack	-,-	1	RF02541	NR_all_83717.145	12	125	n1-n2-n3-n4|n5___	-,RF00001,RF00005,RF00029,RF00050,RF00233,RF00390,RF01689,RF01998,RF02541,RF02542,RF02545	-,NR_all_00138.2,NR_all_01178.1,NR_all_01186.2,NR_all_01779.1,NR_all_02656.1,NR_all_02975.1,NR_all_03510.64,NR_all_03898.1,NR_all_04427.1,NR_all_06181.2,NR_all_06563.1,NR_all_06650.38,NR_all_07053.1,NR_all_07414.1,NR_all_08125.1,NR_all_08417.2,NR_all_08591.1,NR_all_09738.5,NR_all_11665.1,NR_all_11741.1,NR_all_12763.29,NR_all_13728.1,NR_all_15780.1,NR_all_17436.1,NR_all_18889.3,NR_all_20305.5,NR_all_21280.34,NR_all_22632.1,NR_all_23368.1,NR_all_24203.1,NR_all_24610.3,NR_all_25291.1,NR_all_25467.1,NR_all_26150.3,NR_all_26765.1,NR_all_27894.5,NR_all_28611.1,NR_all_29761.3,NR_all_31828.1,NR_all_35054.6,NR_all_35542.141,NR_all_35677.3,NR_all_38178.1,NR_all_38505.1,NR_all_39415.1,NR_all_39468.1,NR_all_40313.5,NR_all_40894.1,NR_all_41466.1,NR_all_41610.21,NR_all_42177.1,NR_all_42738.1,NR_all_43481.4,NR_all_44609.1,NR_all_45231.2,NR_all_45441.2,NR_all_46995.44,NR_all_47203.2,NR_all_48690.3,NR_all_48882.1,NR_all_81338.1,NR_all_48954.1,NR_all_50188.1,NR_all_51105.1,NR_all_51168.1,NR_all_51645.1,NR_all_52752.31,NR_all_54580.1,NR_all_55002.1,NR_all_56644.1,NR_all_56686.2,NR_all_77647.2,NR_all_56726.132,NR_all_56778.1,NR_all_57789.1,NR_all_58572.1,NR_all_59155.1,NR_all_59982.1,NR_all_60433.1,NR_all_60443.4,NR_all_62666.1,NR_all_63276.1,NR_all_65061.35,NR_all_65795.80,NR_all_66212.3,NR_all_66687.6,NR_all_67642.1,NR_all_68433.1,NR_all_71228.8,NR_all_71883.1,NR_all_72592.1,NR_all_73142.1,NR_all_74023.13,NR_all_75133.1,NR_all_75645.1,NR_all_76090.9,NR_all_78541.1,NR_all_78651.1,NR_all_79426.1,NR_all_80911.1,NR_all_82748.1,NR_all_82907.1,NR_all_83593.5,NR_all_83717.145,NR_all_85225.1,NR_all_88364.1,NR_all_88664.1,NR_all_88987.9,NR_all_90326.1,NR_all_90506.74,NR_all_90633.23,NR_all_93493.6,NR_all_94066.10,NR_all_94178.1,NR_all_94544.1,NR_all_94750.1,NR_all_95082.1,NR_all_95657.1,NR_all_95755.3,NR_all_96091.1,NR_all_96169.3,NR_all_96354.4,NR_all_97519.74,NR_all_97539.6,NR_all_98632.6,NR_all_99149.1	https://rna.bgsu.edu/rna3dhub/display3D/unitid/8E47|1|I|U|499,8E47|1|I|G|500,8E47|1|I|A|501,8E47|1|I|A|502,8E47|1|I|A|505
pdb_00008eth	5	1.118	0.224	1.592	M111011	1.1.C.623.	1.1.U.624.	1.1.U.625.	-	1.1.G.627.	1.1.G.629.	C	U	U	-	G	G	M000000	1	1	0	0	2	LC	SM	NA	NA	LC	S	HC	HC	NA	HC	S	-	0	anti,~C3'-endo	anti,~C3'-endo	anti,~C3'-endo	NA,NA	anti,~C2'-endo	anti,~C3'-endo	U-G,tSH	C-G,cWW	-,-	-,-	-,stack	-,-	-,stack	-,-	0	RF02541	NR_all_78541.1	2	4	n1-n2-n3____n5|n6	RF02541,RF02542	NR_all_74023.13,NR_all_78541.1,NR_all_83717.145,NR_all_97519.74	https://rna.bgsu.edu/rna3dhub/display3D/unitid/8ETH|1|1|C|623,8ETH|1|1|U|624,8ETH|1|1|U|625,8ETH|1|1|G|627,8ETH|1|1|G|629
pdb_00008fiz	6	1.488	0.248	2.190	M111111	1.AA.G.993.	1.AA.U.992.	1.AA.G.1041.	1.AA.G.1043.	1.AA.A.1044.	1.AA.C.1045.	G	U	G	G	A	C	M000000	-1	49	2	1	1	SM	NR	LC	SM	LC	JC	JC	IC	S	S	JC	-	0	NA,~C2'-endo	anti,~C2'-endo	anti,~C3'-endo	anti,~C3'-endo	anti,~C3'-endo	anti,~C3'-endo	U-A,tWH	G-C,cWW	basepair,-	-,-	basepair,-	basepair,-	basepair,-	-,stack	0	RF02542	NR_all_56726.132	1	1	n1|n2|n3|n4-n5-n6	RF02542	NR_all_56726.132	https://rna.bgsu.edu/rna3dhub/display3D/unitid/8FIZ|1|AA|G|993,8FIZ|1|AA|U|992,8FIZ|1|AA|G|1041,8FIZ|1|AA|G|1043,8FIZ|1|AA|A|1044,8FIZ|1|AA|C|1045
pdb_00008hl5	6	1.113	0.185	2.254	M111111	1.A23S.C.1161.	1.A23S.C.1275.	1.A23S.G.1276.	1.A23S.G.1277.	1.A23S.G.1278.	1.A23S.G.1279.	C	C	G	G	G	G	M000000	114	1	1	1	1	LC	LC	SM	SM	NR	SIP	IP	SIP	SIP	SIP	S	-	0	anti,~C3'-endo	anti,~C3'-endo	anti,~C3'-endo	anti,~C3'-endo	anti,~C3'-endo	anti,~C3'-endo	-	C-G,cWW	-,-	-,-	basepair,-	basepair,-	basepair,-	basepair,-	0	RF02541	NR_all_27894.5	3	25	n1|n2-n3-n4-n5-n6	-,RF02541,RF02542	-,NR_all_01186.2,NR_all_06181.2,NR_all_08470.1,NR_all_11665.1,NR_all_26150.3,NR_all_27894.5,NR_all_41610.21,NR_all_44791.1,NR_all_51645.1,NR_all_54333.1,NR_all_55025.1,NR_all_56726.132,NR_all_59982.1,NR_all_65795.80,NR_all_68433.1,NR_all_72592.1,NR_all_74023.13,NR_all_83717.145,NR_all_83770.1,NR_all_88987.9,NR_all_90506.74,NR_all_90633.23,NR_all_94544.1,NR_all_97519.74	https://rna.bgsu.edu/rna3dhub/display3D/unitid/8HL5|1|A23S|C|1161,8HL5|1|A23S|C|1275,8HL5|1|A23S|G|1276,8HL5|1|A23S|G|1277,8HL5|1|A23S|G|1278,8HL5|1|A23S|G|1279
pdb_00008ie3	5	0.986	0.197	1.352	M011111	-	1.2.G.1880.	1.2.A.1668.	1.2.A.1669.	1.2.G.1670.	1.2.G.1855.	-	G	A	A	G	G	M000000	0	-212	1	1	185	NA	SM	SM	SM	SM	NA	JC	JC	JC	JC	JC	-	0	NA,NA	anti,~C3'-endo	anti,~C3'-endo	anti,~C3'-endo	anti,~C3'-endo	anti,~C3'-endo	G-G,tSH	-	-,-	-,stack	basepair,stack	basepair,-	-,-	-,stack	0	RF02541	NR_all_65061.35	2	13	___n2|n3-n4-n5|n6	-,RF02541	NR_all_06181.2,NR_all_06650.38,NR_all_20305.5,NR_all_41610.21,NR_all_65061.35,NR_all_76090.9,NR_all_88987.9,NR_all_90506.74,NR_all_90633.23,NR_all_96091.1,NR_all_96169.3,NR_all_97519.74,NR_all_98632.6	https://rna.bgsu.edu/rna3dhub/display3D/unitid/8IE3|1|2|G|1880,8IE3|1|2|A|1668,8IE3|1|2|A|1669,8IE3|1|2|G|1670,8IE3|1|2|G|1855
pdb_00008pvl	5	1.112	0.222	1.759	M101111	1.C1.C.2160.	-	1.C1.A.2205.	1.C1.A.2207.	1.C1.C.2208.	1.C1.G.2209.	C	-	A	A	C	G	M000000	0	0	2	1	1	NA	NA	LC	SM	NR	S	NA	BC	S	S	S	-	0	anti,~C2'-endo	NA,NA	anti,~C3'-endo	anti,~C3'-endo	anti,~C3'-endo	anti,~C3'-endo	-	C-G,cWW	-,stack	-,-	basepair,-	basepair,-	basepair,-	-,-	0	RF02541	NR_all_93493.6	4	14	n1____n3|n4-n5-n6	-,RF00001,RF02541,RF02542	NR_all_01186.2,NR_all_03510.64,NR_all_06181.2,NR_all_18586.69,NR_all_20305.5,NR_all_26150.3,NR_all_41610.21,NR_all_43040.2,NR_all_74023.13,NR_all_83717.145,NR_all_90506.74,NR_all_90633.23,NR_all_93493.6,NR_all_98632.6	https://rna.bgsu.edu/rna3dhub/display3D/unitid/8PVL|1|C1|C|2160,8PVL|1|C1|A|2205,8PVL|1|C1|A|2207,8PVL|1|C1|C|2208,8PVL|1|C1|G|2209
pdb_00008rcs	5	1.062	0.212	1.412	M011111	-	1.A2.U.464.	1.A2.A.465.	1.A2.A.466.	1.A2.A.468.	1.A2.U.467.	-	U	A	A	A	U	M000000	0	1	1	2	-1	NA	SM	SM	SM	SM	NA	HC	HC	HC	HC	HC	U,U,A,A,U,A,C	7	NA,NA	anti,~C3'-endo	anti,~C3'-endo	anti,NA	anti,~C3'-endo	anti,~C2'-endo	U-A,tSH	-	-,-	-,-	basepair,stack	basepair,-	-,stack	basepair,stack	0	RF02542	NR_all_56726.132	1	1	___n2-n3-n4|n5|n6	RF02542	NR_all_56726.132	https://rna.bgsu.edu/rna3dhub/display3D/unitid/8RCS|1|A2|U|464,8RCS|1|A2|A|465,8RCS|1|A2|A|466,8RCS|1|A2|A|468,8RCS|1|A2|U|467
pdb_00008uua	4	0.670	0.168	0.924	M011110	-	1.A.G.656.	1.A.A.657.	1.A.A.659.	1.A.A.660.	-	-	G	A	A	A	-	M000000	0	1	2	1	0	NA	SM	SM	SM	NA	NA	HC	HC	HC	HC	NA	G,G,A,A,A,A,A	7	NA,NA	anti,~C3'-endo	anti,~C2'-endo	anti,~C3'-endo	anti,~C3'-endo	NA,NA	G-A,tSH	-	-,-	-,stack	-,-	-,-	-,stack	-,-	0	RF02541	NR_all_63276.1	1	4	___n2-n3|n4-n5___	RF02541	NR_all_06181.2,NR_all_20305.5,NR_all_63276.1,NR_all_97519.74	https://rna.bgsu.edu/rna3dhub/display3D/unitid/8UUA|1|A|G|656,8UUA|1|A|A|657,8UUA|1|A|A|659,8UUA|1|A|A|660
pdb_00008vtw	6	0.000	0.000	0.000	M111111	1.1A.C.2374.	1.1A.G.2375.	1.1A.A.2376.	1.1A.A.2377.	1.1A.A.2378.	1.1A.G.2379.	C	G	A	A	A	G	M000000	1	1	1	1	1	LC	SM	SM	SM	LC	S	HC	HC	HC	HC	S	G,A,A,A	4	anti,~C3'-endo	anti,~C3'-endo	anti,~C3'-endo	anti,~C3'-endo	anti,~C3'-endo	anti,~C3'-endo	G-A,tSH	C-G,cWW	-,-	-,-	-,stack	-,-	-,stack	-,-	1	RF02541	NR_all_97519.74	49	401	n1-n2-n3-n4-n5-n6	-,RF00001,RF00004,RF00005,RF00009,RF00010,RF00017,RF00020,RF00028,RF00029,RF00080,RF00162,RF00169,RF00174,RF00177,RF00209,RF00234,RF00374,RF00379,RF00380,RF00390,RF00458,RF00480,RF00488,RF00500,RF00507,RF01051,RF01344,RF01381,RF01415,RF01725,RF01739,RF01807,RF01831,RF01846,RF01852,RF01854,RF01998,RF02001,RF02340,RF02541,RF02542,RF02543,RF02545,RF02546,RF02678,RF03013,RF03054,RF04190	-,NR_all_00138.2,NR_all_00184.1,NR_all_00626.1,NR_all_00810.1,NR_all_00982.1,NR_all_01159.1,NR_all_01186.2,NR_all_01439.1,NR_all_01611.2,NR_all_02553.1,NR_all_02975.1,NR_all_03110.1,NR_all_03510.64,NR_all_03598.2,NR_all_03898.1,NR_all_04219.1,NR_all_04427.1,NR_all_04451.1,NR_all_05306.1,NR_all_06042.1,NR_all_06181.2,NR_all_06467.1,NR_all_06563.1,NR_all_06650.38,NR_all_06706.1,NR_all_06835.1,NR_all_06977.1,NR_all_07053.1,NR_all_07414.1,NR_all_07561.2,NR_all_07795.1,NR_all_08125.1,NR_all_08417.2,NR_all_08470.1,NR_all_08591.1,NR_all_08692.3,NR_all_08831.2,NR_all_08919.1,NR_all_09398.1,NR_all_09738.5,NR_all_09979.1,NR_all_10255.38,NR_all_11234.1,NR_all_11665.1,NR_all_11738.2,NR_all_11741.1,NR_all_12260.3,NR_all_12763.29,NR_all_12772.1,NR_all_12869.1,NR_all_13014.1,NR_all_13125.1,NR_all_13465.1,NR_all_13524.1,NR_all_13728.1,NR_all_13732.1,NR_all_13899.1,NR_all_13919.1,NR_all_14960.1,NR_all_14978.1,NR_all_15581.1,NR_all_15716.2,NR_all_15780.1,NR_all_16696.1,NR_all_17247.1,NR_all_17405.9,NR_all_18107.1,NR_all_18574.2,NR_all_18586.69,NR_all_18787.1,NR_all_18848.1,NR_all_18859.1,NR_all_18881.1,NR_all_18903.1,NR_all_19551.7,NR_all_20129.1,NR_all_20260.2,NR_all_20272.1,NR_all_20305.5,NR_all_20398.1,NR_all_20710.1,NR_all_20814.1,NR_all_20951.1,NR_all_20965.3,NR_all_21059.1,NR_all_21280.34,NR_all_22325.1,NR_all_22526.6,NR_all_22678.1,NR_all_23083.1,NR_all_23368.1,NR_all_23790.1,NR_all_23989.1,NR_all_24203.1,NR_all_24204.1,NR_all_24279.1,NR_all_24549.1,NR_all_24575.1,NR_all_24610.3,NR_all_25291.1,NR_all_25303.3,NR_all_25458.1,NR_all_25467.1,NR_all_26150.3,NR_all_26197.1,NR_all_26264.1,NR_all_26483.1,NR_all_26496.2,NR_all_26582.1,NR_all_26758.1,NR_all_26765.1,NR_all_26809.1,NR_all_26836.2,NR_all_26892.1,NR_all_26998.1,NR_all_27096.1,NR_all_27244.1,NR_all_27894.5,NR_all_27991.1,NR_all_28269.1,NR_all_29205.1,NR_all_29651.1,NR_all_29761.3,NR_all_30944.5,NR_all_31480.1,NR_all_31750.1,NR_all_31798.1,NR_all_31828.1,NR_all_32674.1,NR_all_32696.1,NR_all_32787.1,NR_all_32874.1,NR_all_33922.2,NR_all_34771.1,NR_all_34877.1,NR_all_34961.4,NR_all_35054.6,NR_all_35456.1,NR_all_35479.1,NR_all_35677.3,NR_all_35798.2,NR_all_35965.1,NR_all_36159.1,NR_all_36247.1,NR_all_36360.1,NR_all_37008.1,NR_all_37036.1,NR_all_37204.1,NR_all_37229.3,NR_all_37888.1,NR_all_38698.1,NR_all_38966.4,NR_all_39170.1,NR_all_39330.1,NR_all_39415.1,NR_all_39468.1,NR_all_39508.1,NR_all_39625.1,NR_all_39627.5,NR_all_39845.1,NR_all_40063.1,NR_all_40127.1,NR_all_40313.5,NR_all_40535.1,NR_all_40657.1,NR_all_40894.1,NR_all_41145.1,NR_all_41466.1,NR_all_41610.21,NR_all_41918.1,NR_all_41935.1,NR_all_42177.1,NR_all_42308.1,NR_all_42467.1,NR_all_42556.1,NR_all_42622.74,NR_all_42738.1,NR_all_42813.3,NR_all_42832.1,NR_all_43299.1,NR_all_43401.1,NR_all_43481.4,NR_all_43871.1,NR_all_44554.1,NR_all_44609.1,NR_all_44691.1,NR_all_45128.1,NR_all_45178.1,NR_all_45231.2,NR_all_45441.2,NR_all_45705.1,NR_all_46651.2,NR_all_46720.3,NR_all_46927.1,NR_all_46995.44,NR_all_47156.1,NR_all_47162.1,NR_all_47714.1,NR_all_47836.1,NR_all_48165.2,NR_all_48255.1,NR_all_48690.3,NR_all_48721.1,NR_all_48882.1,NR_all_48954.1,NR_all_49359.1,NR_all_49428.1,NR_all_49553.1,NR_all_49738.1,NR_all_50138.2,NR_all_50188.1,NR_all_50314.5,NR_all_50512.1,NR_all_50971.1,NR_all_51105.1,NR_all_51168.1,NR_all_51645.1,NR_all_51660.3,NR_all_51862.2,NR_all_51970.1,NR_all_52425.2,NR_all_52591.1,NR_all_52728.1,NR_all_52752.31,NR_all_53105.1,NR_all_53336.1,NR_all_53735.1,NR_all_53844.1,NR_all_54145.1,NR_all_54333.1,NR_all_54580.1,NR_all_54845.1,NR_all_54953.1,NR_all_55002.1,NR_all_55025.1,NR_all_55442.1,NR_all_55907.2,NR_all_56188.1,NR_all_56644.1,NR_all_56726.132,NR_all_56729.1,NR_all_56778.1,NR_all_56999.3,NR_all_57150.1,NR_all_57460.4,NR_all_57598.2,NR_all_57789.1,NR_all_57933.1,NR_all_57955.2,NR_all_59155.1,NR_all_59978.1,NR_all_59982.1,NR_all_60079.1,NR_all_60142.1,NR_all_60433.1,NR_all_60443.4,NR_all_60828.6,NR_all_61114.1,NR_all_61505.1,NR_all_61825.2,NR_all_61969.1,NR_all_62118.1,NR_all_62666.1,NR_all_62810.1,NR_all_62858.1,NR_all_63276.1,NR_all_63356.1,NR_all_63789.1,NR_all_64446.1,NR_all_65028.2,NR_all_65061.35,NR_all_65601.1,NR_all_65669.2,NR_all_65790.1,NR_all_65795.80,NR_all_65973.1,NR_all_66212.3,NR_all_66687.6,NR_all_67193.4,NR_all_67394.1,NR_all_67629.2,NR_all_67642.1,NR_all_67726.2,NR_all_68433.1,NR_all_69141.4,NR_all_69913.1,NR_all_70280.1,NR_all_70599.1,NR_all_70719.1,NR_all_70863.1,NR_all_70955.1,NR_all_71100.1,NR_all_71228.8,NR_all_71748.2,NR_all_71883.1,NR_all_72021.1,NR_all_72196.1,NR_all_72592.1,NR_all_72627.1,NR_all_73142.1,NR_all_73216.6,NR_all_73286.27,NR_all_73655.1,NR_all_74023.13,NR_all_74244.2,NR_all_74260.1,NR_all_75326.1,NR_all_75381.1,NR_all_75645.1,NR_all_76090.9,NR_all_77912.1,NR_all_77936.1,NR_all_78245.1,NR_all_78383.1,NR_all_78541.1,NR_all_78625.1,NR_all_78651.1,NR_all_78797.5,NR_all_79284.1,NR_all_79353.1,NR_all_79426.1,NR_all_80027.1,NR_all_80055.1,NR_all_80577.1,NR_all_80875.1,NR_all_80911.1,NR_all_81338.1,NR_all_82907.1,NR_all_83027.1,NR_all_83172.1,NR_all_83641.1,NR_all_83717.145,NR_all_83770.1,NR_all_83934.1,NR_all_84517.1,NR_all_84907.1,NR_all_85225.1,NR_all_85253.1,NR_all_85482.5,NR_all_86266.1,NR_all_86427.1,NR_all_86572.1,NR_all_87104.1,NR_all_87323.3,NR_all_88088.1,NR_all_88285.1,NR_all_88352.1,NR_all_88364.1,NR_all_88536.1,NR_all_88664.1,NR_all_88887.1,NR_all_88987.9,NR_all_89104.1,NR_all_89299.1,NR_all_89387.1,NR_all_89968.1,NR_all_90160.4,NR_all_90326.1,NR_all_90506.74,NR_all_90603.1,NR_all_90633.23,NR_all_90840.6,NR_all_91235.1,NR_all_91474.1,NR_all_91559.1,NR_all_92729.1,NR_all_93050.1,NR_all_93156.1,NR_all_93470.1,NR_all_93493.6,NR_all_93820.1,NR_all_93855.17,NR_all_94066.10,NR_all_94178.1,NR_all_94544.1,NR_all_94729.10,NR_all_94750.1,NR_all_94952.1,NR_all_95195.1,NR_all_95657.1,NR_all_95755.3,NR_all_96091.1,NR_all_96169.3,NR_all_96182.1,NR_all_96336.1,NR_all_96354.4,NR_all_96856.1,NR_all_96955.1,NR_all_97060.1,NR_all_97519.74,NR_all_97539.6,NR_all_97992.1,NR_all_98075.1,NR_all_98268.1,NR_all_98632.6,NR_all_99100.1,NR_all_99149.1,NR_all_99289.1,NR_all_99454.1,NR_all_99699.1	https://rna.bgsu.edu/rna3dhub/display3D/unitid/8VTW|1|1A|C|2374,8VTW|1|1A|G|2375,8VTW|1|1A|A|2376,8VTW|1|1A|A|2377,8VTW|1|1A|A|2378,8VTW|1|1A|G|2379
pdb_00008ydb	5	0.825	0.165	1.100	M110111	1.C.C.50.	1.C.G.51.	-	1.C.A.53.	1.C.A.55.	1.C.G.56.	C	G	-	A	A	G	M000000	1	0	0	2	1	LC	NA	NA	SM	LC	S	HC	NA	HC	HC	S	-	0	anti,~C3'-endo	anti,~C3'-endo	NA,NA	anti,~C3'-endo	anti,~C3'-endo	anti,~C3'-endo	G-A,tSH	C-G,cWW	-,-	-,-	-,-	-,-	-,-	-,-	0	-	NR_all_70793.1	4	20	n1-n2____n4|n5-n6	-,RF00373,RF02541,RF02542	NR_all_02975.1,NR_all_03510.64,NR_all_06181.2,NR_all_07561.2,NR_all_09738.5,NR_all_43481.4,NR_all_48954.1,NR_all_52299.1,NR_all_56726.132,NR_all_59155.1,NR_all_70280.1,NR_all_70793.1,NR_all_72539.1,NR_all_80027.1,NR_all_83717.145,NR_all_88987.9,NR_all_90506.74,NR_all_93493.6,NR_all_97539.6,NR_all_98632.6	https://rna.bgsu.edu/rna3dhub/display3D/unitid/8YDB|1|C|C|50,8YDB|1|C|G|51,8YDB|1|C|A|53,8YDB|1|C|A|55,8YDB|1|C|G|56
pdb_00008z70	5	0.866	0.173	0.997	M111011	1.2.U.1254.	1.2.G.1255.	1.2.A.1227.	-	1.2.A.1230.	1.2.U.1231.	U	G	A	-	A	U	M000000	1	-28	0	0	1	SM	SM	NA	NA	SM	IC	IC	IC	NA	IC	IC	-	0	anti,~C3'-endo	anti,~C2'-endo	syn,~C2'-endo	NA,NA	anti,~C3'-endo	anti,~C3'-endo	G-A,tSH	U-U,cWW	-,stack	-,stack	-,stack	-,-	basepair,stack	-,stack	0	-	NR_all_03510.64	10	53	n1-n2|n3____n5-n6	-,RF00001,RF00005,RF00009,RF00015,RF00029,RF00080,RF00177,RF02541,RF02542	NR_all_00138.2,NR_all_01186.2,NR_all_03510.64,NR_all_06042.1,NR_all_23368.1,NR_all_06181.2,NR_all_06563.1,NR_all_06650.38,NR_all_08125.1,NR_all_08417.2,NR_all_08591.1,NR_all_09738.5,NR_all_18569.1,NR_all_18848.1,NR_all_20384.1,NR_all_21059.1,NR_all_21280.34,NR_all_24457.1,NR_all_25291.1,NR_all_25994.1,NR_all_27894.5,NR_all_40894.1,NR_all_41189.1,NR_all_41466.1,NR_all_41610.21,NR_all_42177.1,NR_all_42556.1,NR_all_42622.74,NR_all_45128.1,NR_all_51168.1,NR_all_46927.1,NR_all_46995.44,NR_all_51105.1,NR_all_53844.1,NR_all_61825.2,NR_all_54953.1,NR_all_55865.1,NR_all_59793.1,NR_all_62666.1,NR_all_65061.35,NR_all_66687.6,NR_all_70719.1,NR_all_76090.9,NR_all_79284.1,NR_all_83641.1,NR_all_83717.145,NR_all_88987.9,NR_all_90506.74,NR_all_90633.23,NR_all_93447.1,NR_all_93855.17,NR_all_96091.1,NR_all_96955.1,NR_all_97519.74,NR_all_99289.1,NR_all_99699.1	https://rna.bgsu.edu/rna3dhub/display3D/unitid/8Z70|1|2|U|1254,8Z70|1|2|G|1255,8Z70|1|2|A|1227,8Z70|1|2|A|1230,8Z70|1|2|U|1231
pdb_00009e71	6	0.957	0.160	1.143	M111111	1.4.G.307.	1.4.G.309.	1.4.G.293.	1.4.G.294.	1.4.G.295.	1.4.C.296.	G	G	G	G	G	C	M000000	2	-16	1	1	1	LC	LC	SM	SM	NR	S	BC	S	S	S	S	-	0	anti,~C2'-endo	anti,~C2'-endo	anti,~C3'-endo	anti,~C3'-endo	anti,~C3'-endo	anti,~C3'-endo	G-G,tWH	G-C,cWW	-,-	-,-	basepair,-	basepair,-	basepair,-	-,-	0	-	NR_all_26765.1	3	16	n1|n2|n3-n4-n5-n6	-,RF02541,RF02542	NR_all_01186.2,NR_all_06181.2,NR_all_13524.1,NR_all_26765.1,NR_all_32787.1,NR_all_35798.2,NR_all_43481.4,NR_all_50138.2,NR_all_56726.132,NR_all_65795.80,NR_all_66687.6,NR_all_73142.1,NR_all_74023.13,NR_all_83717.145,NR_all_94066.10,NR_all_97539.6	https://rna.bgsu.edu/rna3dhub/display3D/unitid/9E71|1|4|G|307,9E71|1|4|G|309,9E71|1|4|G|293,9E71|1|4|G|294,9E71|1|4|G|295,9E71|1|4|C|296
pdb_00009e71	5	0.738	0.148	0.840	M101111	1.1.C.1092.	-	1.1.A.937.	1.1.A.938.	1.1.G.939.	1.1.G.1067.	C	-	A	A	G	G	M000000	0	0	1	1	128	NA	NA	SM	SM	LC	S	NA	JC	JC	JC	S	-	0	anti,~C3'-endo	NA,NA	anti,~C3'-endo	anti,~C3'-endo	anti,~C3'-endo	anti,~C3'-endo	-	C-G,cWW	basepair,-	-,-	basepair,stack	basepair,-	basepair,-	-,stack	0	-	NR_all_42177.1	6	30	n1____n3-n4-n5|n6	-,RF00001,RF00030,RF00061,RF02541,RF02542	-,NR_all_00138.2,NR_all_06181.2,NR_all_06650.38,NR_all_08125.1,NR_all_10157.143,NR_all_12406.4,NR_all_13728.1,NR_all_15780.1,NR_all_19112.1,NR_all_20305.5,NR_all_27894.5,NR_all_35677.3,NR_all_40894.1,NR_all_41610.21,NR_all_42177.1,NR_all_46995.44,NR_all_55002.1,NR_all_56726.132,NR_all_63276.1,NR_all_64006.2,NR_all_65061.35,NR_all_76090.9,NR_all_81584.1,NR_all_83717.145,NR_all_88987.9,NR_all_90506.74,NR_all_90633.23,NR_all_97519.74,NR_all_98632.6	https://rna.bgsu.edu/rna3dhub/display3D/unitid/9E71|1|1|C|1092,9E71|1|1|A|937,9E71|1|1|A|938,9E71|1|1|G|939,9E71|1|1|G|1067
pdb_00009fmd	5	1.163	0.233	1.462	M111110	1.IN.U.15.	1.IN.G.16.	1.6.A.27.	1.6.A.29.	1.6.A.30.	-	U	G	A	A	A	-	M000000	1	0	2	1	0	SM	SM	SM	SM	NA	JI	JI	JIJP	JIJP	JIJP	NA	-	0	anti,~C3'-endo	anti,~C2'-endo	anti,~C2'-endo	anti,~C3'-endo	anti,~C3'-endo	NA,NA	G-A,tSH	-	basepair,stack	-,-	-,stack	-,-	-,stack	-,-	0	RF00026	NR_all_18052.1	1	1	n1-n2|n3|n4-n5___	RF00026	NR_all_18052.1	https://rna.bgsu.edu/rna3dhub/display3D/unitid/9FMD|1|IN|U|15,9FMD|1|IN|G|16,9FMD|1|6|A|27,9FMD|1|6|A|29,9FMD|1|6|A|30
